{
    "Name": "以世界之名",
    "Desc": "<i>「瓦尔特…吗……」\\n「这个名字…很棒吧？」\\n「那么……」\\n「从现在开始，你就是瓦尔特了。」\\n「律者的核心…还有守护这个世界的使命……」\\n「就拜托你了，瓦尔特。」</i>",
    "Rarity": "CombatPowerLightconeRarity5",
    "BaseType": "Warlock",
    "Refinements": {
        "Name": "传承者",
        "Desc": "使装备者对陷入负面效果的敌方目标造成的伤害提高<color=#f29e38ff><unbreak>#1[i]%</unbreak></color>。当装备者施放战技时，装备者此次攻击的效果命中提高<color=#f29e38ff><unbreak>#2[i]%</unbreak></color>，攻击力提高<color=#f29e38ff><unbreak>#3[i]%</unbreak></color>。",
        "Level": {
            "1": {
                "ParamList": [
                    0.24000000022351742,
                    0.18000000016763806,
                    0.24000000022351742
                ]
            },
            "2": {
                "ParamList": [
                    0.2800000002607703,
                    0.21000000019557774,
                    0.2800000002607703
                ]
            },
            "3": {
                "ParamList": [
                    0.3200000002980232,
                    0.24000000022351742,
                    0.3200000002980232
                ]
            },
            "4": {
                "ParamList": [
                    0.3600000003352761,
                    0.2700000002514571,
                    0.3600000003352761
                ]
            },
            "5": {
                "ParamList": [
                    0.40000000037252903,
                    0.3000000002793968,
                    0.40000000037252903
                ]
            }
        }
    },
    "Stats": [
        {
            "EquipmentID": 23004,
            "PromotionCostList": [
                {
                    "$type": "ItemConfigRow",
                    "ItemID": 2,
                    "ItemNum": 5000,
                    "Rarity": "Rare"
                },
                {
                    "$type": "ItemConfigRow",
                    "ItemID": 112001,
                    "ItemNum": 8,
                    "Rarity": "NotNormal"
                }
            ],
            "PlayerLevelRequire": 15,
            "MaxLevel": 20,
            "BaseHP": 48,
            "BaseHPAdd": 7.2000000001862645,
            "BaseAttack": 26.40000000037253,
            "BaseAttackAdd": 3.9600000008940697,
            "BaseDefence": 21,
            "BaseDefenceAdd": 3.1500000001396984
        },
        {
            "EquipmentID": 23004,
            "Promotion": 1,
            "PromotionCostList": [
                {
                    "$type": "ItemConfigRow",
                    "ItemID": 2,
                    "ItemNum": 10000,
                    "Rarity": "Rare"
                },
                {
                    "$type": "ItemConfigRow",
                    "ItemID": 110151,
                    "ItemNum": 4,
                    "Rarity": "NotNormal"
                },
                {
                    "$type": "ItemConfigRow",
                    "ItemID": 112001,
                    "ItemNum": 12,
                    "Rarity": "NotNormal"
                }
            ],
            "WorldLevelRequire": 1,
            "MaxLevel": 30,
            "BaseHP": 105.6000000005588,
            "BaseHPAdd": 7.2000000001862645,
            "BaseAttack": 58.080000000074506,
            "BaseAttackAdd": 3.9600000008940697,
            "BaseDefence": 46.200000000186265,
            "BaseDefenceAdd": 3.1500000001396984
        },
        {
            "EquipmentID": 23004,
            "Promotion": 2,
            "PromotionCostList": [
                {
                    "$type": "ItemConfigRow",
                    "ItemID": 2,
                    "ItemNum": 20000,
                    "Rarity": "Rare"
                },
                {
                    "$type": "ItemConfigRow",
                    "ItemID": 110152,
                    "ItemNum": 4,
                    "Rarity": "Rare"
                },
                {
                    "$type": "ItemConfigRow",
                    "ItemID": 112002,
                    "ItemNum": 8,
                    "Rarity": "Rare"
                }
            ],
            "WorldLevelRequire": 2,
            "MaxLevel": 40,
            "BaseHP": 182.40000000037253,
            "BaseHPAdd": 7.2000000001862645,
            "BaseAttack": 100.32000000029802,
            "BaseAttackAdd": 3.9600000008940697,
            "BaseDefence": 79.80000000074506,
            "BaseDefenceAdd": 3.1500000001396984
        },
        {
            "EquipmentID": 23004,
            "Promotion": 3,
            "PromotionCostList": [
                {
                    "$type": "ItemConfigRow",
                    "ItemID": 2,
                    "ItemNum": 50000,
                    "Rarity": "Rare"
                },
                {
                    "$type": "ItemConfigRow",
                    "ItemID": 110152,
                    "ItemNum": 8,
                    "Rarity": "Rare"
                },
                {
                    "$type": "ItemConfigRow",
                    "ItemID": 112002,
                    "ItemNum": 12,
                    "Rarity": "Rare"
                }
            ],
            "WorldLevelRequire": 3,
            "MaxLevel": 50,
            "BaseHP": 259.20000000018626,
            "BaseHPAdd": 7.2000000001862645,
            "BaseAttack": 142.56000000052154,
            "BaseAttackAdd": 3.9600000008940697,
            "BaseDefence": 113.40000000037253,
            "BaseDefenceAdd": 3.1500000001396984
        },
        {
            "EquipmentID": 23004,
            "Promotion": 4,
            "PromotionCostList": [
                {
                    "$type": "ItemConfigRow",
                    "ItemID": 2,
                    "ItemNum": 100000,
                    "Rarity": "Rare"
                },
                {
                    "$type": "ItemConfigRow",
                    "ItemID": 110153,
                    "ItemNum": 5,
                    "Rarity": "VeryRare"
                },
                {
                    "$type": "ItemConfigRow",
                    "ItemID": 112003,
                    "ItemNum": 6,
                    "Rarity": "VeryRare"
                }
            ],
            "WorldLevelRequire": 4,
            "MaxLevel": 60,
            "BaseHP": 336,
            "BaseHPAdd": 7.2000000001862645,
            "BaseAttack": 184.80000000074506,
            "BaseAttackAdd": 3.9600000008940697,
            "BaseDefence": 147,
            "BaseDefenceAdd": 3.1500000001396984
        },
        {
            "EquipmentID": 23004,
            "Promotion": 5,
            "PromotionCostList": [
                {
                    "$type": "ItemConfigRow",
                    "ItemID": 2,
                    "ItemNum": 200000,
                    "Rarity": "Rare"
                },
                {
                    "$type": "ItemConfigRow",
                    "ItemID": 110153,
                    "ItemNum": 10,
                    "Rarity": "VeryRare"
                },
                {
                    "$type": "ItemConfigRow",
                    "ItemID": 112003,
                    "ItemNum": 8,
                    "Rarity": "VeryRare"
                }
            ],
            "WorldLevelRequire": 5,
            "MaxLevel": 70,
            "BaseHP": 412.80000000074506,
            "BaseHPAdd": 7.2000000001862645,
            "BaseAttack": 227.04000000003725,
            "BaseAttackAdd": 3.9600000008940697,
            "BaseDefence": 180.6000000005588,
            "BaseDefenceAdd": 3.1500000001396984
        },
        {
            "EquipmentID": 23004,
            "Promotion": 6,
            "PromotionCostList": [],
            "WorldLevelRequire": 5,
            "MaxLevel": 80,
            "BaseHP": 489.6000000005588,
            "BaseHPAdd": 7.2000000001862645,
            "BaseAttack": 269.28000000026077,
            "BaseAttackAdd": 3.9600000008940697,
            "BaseDefence": 214.20000000018626,