{
    "Name": "暗铁剑",
    "Desc": "其实就是稍微有些黑的铁剑。",
    "WeaponType": "WEAPON_SWORD_ONE_HAND",
    "WeaponProp": [
        {
            "propType": "FIGHT_PROP_BASE_ATTACK",
            "initValue": 38.7412986755371,
            "type": "GROW_CURVE_ATTACK_101"
        },
        {
            "propType": "FIGHT_PROP_ELEMENT_MASTERY",
            "initValue": 30.6000003814697,
            "type": "GROW_CURVE_CRITICAL_101"
        }
    ],
    "Rarity": 3,
    "Icon": "UI_EquipIcon_Sword_Darker",
    "StatsModifier": {
        "ATK": {
            "Base": 38.7412986755371,
            "Levels": {
                "1": 1,
                "2": 1.0759999752045,
                "3": 1.1519999504089,
                "4": 1.2280000448227,
                "5": 1.3029999732971,
                "6": 1.3789999485016,
                "7": 1.4539999961853,
                "8": 1.529000043869,
                "9": 1.6039999723434,
                "10": 1.6790000200272,
                "11": 1.7539999485016,
                "12": 1.8279999494553,
                "13": 1.902999997139,
                "14": 1.9769999980927,
                "15": 2.0510001182556,
                "16": 2.125,
                "17": 2.1989998817444,
                "18": 2.2730000019073,
                "19": 2.3469998836517,
                "20": 2.4200000762939,
                "21": 2.4930000305176,
                "22": 2.566999912262,
                "23": 2.6400001049042,
                "24": 2.7130000591278,
                "25": 2.7860000133514,
                "26": 2.8589999675751,
                "27": 2.930999994278,
                "28": 3.0039999485016,
                "29": 3.0759999752045,
                "30": 3.1480000019073,
                "31": 3.220999956131,
                "32": 3.2929999828339,
                "33": 3.3650000095367,
                "34": 3.4370000362396,
                "35": 3.5079998970032,
                "36": 3.5799999237061,
                "37": 3.6519999504089,
                "38": 3.7230000495911,
                "39": 3.7939999103546,
                "40": 3.8659999370575,
                "41": 3.9370000362396,
                "42": 4.0079998970032,
                "43": 4.0789999961853,
                "44": 4.1500000953674,
                "45": 4.2210001945496,
                "46": 4.2909998893738,
                "47": 4.3619999885559,
                "48": 4.433000087738,
                "49": 4.5029997825623,
                "50": 4.5739998817444,
                "51": 4.6440000534058,
                "52": 4.7140002250671,
                "53": 4.7839999198914,
                "54": 4.8550000190735,
                "55": 4.9250001907349,
                "56": 4.9949998855591,
                "57": 5.0650000572205,
                "58": 5.1339998245239,
                "59": 5.2039999961853,
                "60": 5.2740001678467,
                "61": 5.3439998626709,
                "62": 5.4130001068115,
                "63": 5.4829998016357,
                "64": 5.5520000457764,
                "65": 5.6220002174377,
                "66": 5.6909999847412,
                "67": 5.7610001564026,
                "68": 5.8299999237061,
                "69": 5.8990001678467,
                "70": 5.9679999351501,
                "71": 6.0380001068115,
                "72": 6.106999874115,
                "73": 6.1760001182556,
                "74": 6.2449998855591,
                "75": 6.3140001296997,
                "76": 6.3829998970032,
                "77": 6.4520001411438,
                "78": 6.5209999084473,
                "79": 6.5900001525879,
                "80": 6.6589999198914,
                "81": 6.7270002365112,
                "82": 6.7960000038147,
                "83": 6.8649997711182,
                "84": 6.9340000152588,
                "85": 7.0029997825623,
                "86": 7.0710000991821,
                "87": 7.1399998664856,
                "88": 7.2090001106262,
                "89": 7.2769999504089,
                "90": 7.3460001945496,
                "91": 7.414999961853,
                "92": 7.4829998016357,
                "93": 7.5520000457764,
                "94": 7.6209998130798,
                "95": 7.6890001296997,
                "96": 7.7579998970032,
                "97": 7.8270001411438,
                "98": 7.8949999809265,
                "99": 7.9640002250671,
                "100": 8.0329999923706
            }
        },
        "FIGHT_PROP_ELEMENT_MASTERY": {
            "Base": 30.6000003814697,
            "Levels": {
                "1": 1,
                "2": 1,
                "3": 1,
                "4": 1,
                "5": 1.1619999408722,
                "6": 1.1619999408722,
                "7": 1.1619999408722,
                "8": 1.1619999408722,
                "9": 1.1619999408722,
                "10": 1.3630000352859,
                "11": 1.3630000352859,
                "12": 1.3630000352859,
                "13": 1.3630000352859,
                "14": 1.3630000352859,
                "15": 1.5650000572205,
                "16": 1.5650000572205,
                "17": 1.5650000572205,
                "18": 1.5650000572205,
                "19": 1.5650000572205,
                "20": 1.7669999599457,
                "21": 1.7669999599457,
                "22": 1.7669999599457,
                "23": 1.7669999599457,
                "24": 1.7669999599457,
                "25": 1.9689999818802,
                "26": 1.9689999818802,
                "27": 1.9689999818802,
                "28": 1.9689999818802,
                "29": 1.9689999818802,
                "30": 2.1710000038147,
                "31": 2.1710000038147,
                "32": 2.1710000038147,
                "33": 2.1710000038147,
                "34": 2.1710000038147,
                "35": 2.3729999065399,
                "36": 2.3729999065399,
                "37": 2.3729999065399,
                "38": 2.3729999065399,
                "39": 2.3729999065399,
                "40": 2.5750000476837,
                "41": 2.5750000476837,
                "42": 2.5750000476837,
                "43": 2.5750000476837,
                "44": 2.5750000476837,
                "45": 2.7769999504089,
                "46": 2.7769999504089,
                "47": 2.7769999504089,
                "48": 2.7769999504089,
                "49": 2.7769999504089,
                "50": 2.9790000915527,
                "51": 2.9790000915527,
                "52": 2.9790000915527,
                "53": 2.9790000915527,
                "54": 2.9790000915527,
                "55": 3.180999994278,
                "56": 3.180999994278,
                "57": 3.180999994278,
                "58": 3.180999994278,
                "59": 3.180999994278,
                "60": 3.3829998970032,
                "61": 3.3829998970032,
                "62": 3.3829998970032,
                "63": 3.3829998970032,
                "64": 3.3829998970032,
                "65": 3.585000038147,
                "66": 3.585000038147,
                "67": 3.585000038147,
                "68": 3.585000038147,
                "69": 3.585000038147,
                "70": 3.7860000133514,
                "71": 3.7860000133514,
                "72": 3.7860000133514,
                "73": 3.7860000133514,
                "74": 3.7860000133514,
                "75": 3.9879999160767,
                "76": 3.9879999160767,
                "77": 3.9879999160767,
                "78": 3.9879999160767,
                "79": 3.9879999160767,
                "80": 4.1900000572205,
                "81": 4.1900000572205,
                "82": 4.1900000572205,
                "83": 4.1900000572205,
                "84": 4.1900000572205,
                "85": 4.3920001983643,
                "86": 4.3920001983643,
                "87": 4.3920001983643,
                "88": 4.3920001983643,
                "89": 4.3920001983643,