{
    "Name": "学徒笔记",
    "Desc": "某个优等生留下的学习笔记，娟秀的字迹非常好看。记录了不少实用的咒语。",
    "WeaponType": "WEAPON_CATALYST",
    "WeaponProp": [
        {
            "propType": "FIGHT_PROP_BASE_ATTACK",
            "initValue": 23.2450008392334,
            "type": "GROW_CURVE_ATTACK_101"
        },
        {
            "type": "GROW_CURVE_CRITICAL_101"
        }
    ],
    "Rarity": 1,
    "Icon": "UI_EquipIcon_Catalyst_Apprentice",
    "StatsModifier": {
        "ATK": {
            "Base": 23.2450008392334,
            "Levels": {
                "1": 1,
                "2": 1.0759999752045,
                "3": 1.1519999504089,
                "4": 1.2280000448227,
                "5": 1.3029999732971,
                "6": 1.3789999485016,
                "7": 1.4539999961853,
                "8": 1.529000043869,
                "9": 1.6039999723434,
                "10": 1.6790000200272,
                "11": 1.7539999485016,
                "12": 1.8279999494553,
                "13": 1.902999997139,
                "14": 1.9769999980927,
                "15": 2.0510001182556,
                "16": 2.125,
                "17": 2.1989998817444,
                "18": 2.2730000019073,
                "19": 2.3469998836517,
                "20": 2.4200000762939,
                "21": 2.4930000305176,
                "22": 2.566999912262,
                "23": 2.6400001049042,
                "24": 2.7130000591278,
                "25": 2.7860000133514,
                "26": 2.8589999675751,
                "27": 2.930999994278,
                "28": 3.0039999485016,
                "29": 3.0759999752045,
                "30": 3.1480000019073,
                "31": 3.220999956131,
                "32": 3.2929999828339,
                "33": 3.3650000095367,
                "34": 3.4370000362396,
                "35": 3.5079998970032,
                "36": 3.5799999237061,
                "37": 3.6519999504089,
                "38": 3.7230000495911,
                "39": 3.7939999103546,
                "40": 3.8659999370575,
                "41": 3.9370000362396,
                "42": 4.0079998970032,
                "43": 4.0789999961853,
                "44": 4.1500000953674,
                "45": 4.2210001945496,
                "46": 4.2909998893738,
                "47": 4.3619999885559,
                "48": 4.433000087738,
                "49": 4.5029997825623,
                "50": 4.5739998817444,
                "51": 4.6440000534058,
                "52": 4.7140002250671,
                "53": 4.7839999198914,
                "54": 4.8550000190735,
                "55": 4.9250001907349,
                "56": 4.9949998855591,
                "57": 5.0650000572205,
                "58": 5.1339998245239,
                "59": 5.2039999961853,
                "60": 5.2740001678467,
                "61": 5.3439998626709,
                "62": 5.4130001068115,
                "63": 5.4829998016357,
                "64": 5.5520000457764,
                "65": 5.6220002174377,
                "66": 5.6909999847412,
                "67": 5.7610001564026,
                "68": 5.8299999237061,
                "69": 5.8990001678467,
                "70": 5.9679999351501,
                "71": 6.0380001068115,
                "72": 6.106999874115,
                "73": 6.1760001182556,
                "74": 6.2449998855591,
                "75": 6.3140001296997,
                "76": 6.3829998970032,
                "77": 6.4520001411438,
                "78": 6.5209999084473,
                "79": 6.5900001525879,
                "80": 6.6589999198914,
                "81": 6.7270002365112,
                "82": 6.7960000038147,
                "83": 6.8649997711182,
                "84": 6.9340000152588,
                "85": 7.0029997825623,
                "86": 7.0710000991821,
                "87": 7.1399998664856,
                "88": 7.2090001106262,
                "89": 7.2769999504089,
                "90": 7.3460001945496,
                "91": 7.414999961853,
                "92": 7.4829998016357,
                "93": 7.5520000457764,
                "94": 7.6209998130798,
                "95": 7.6890001296997,
                "96": 7.7579998970032,
                "97": 7.8270001411438,
                "98": 7.8949999809265,
                "99": 7.9640002250671,
                "100": 8.0329999923706
            }
        }
    },
    "XPRequirements": {
        "1": 125,
        "2": 200,
        "3": 275,
        "4": 350,
        "5": 475,
        "6": 575,
        "7": 700,
        "8": 850,
        "9": 1000,
        "10": 1150,
        "11": 1300,
        "12": 1475,
        "13": 1650,
        "14": 1850,
        "15": 2050,
        "16": 2250,
        "17": 2450,
        "18": 2675,
        "19": 2925,
        "20": 3150,
        "21": 3575,
        "22": 3825,
        "23": 4100,
        "24": 4400,
        "25": 4700,
        "26": 5000,
        "27": 5300,
        "28": 5600,
        "29": 5925,
        "30": 6275,
        "31": 6600,
        "32": 6950,
        "33": 7325,
        "34": 7675,
        "35": 8050,
        "36": 8425,
        "37": 8825,
        "38": 9225,
        "39": 9625,
        "40": 10025,
        "41": 10975,
        "42": 11425,
        "43": 11875,
        "44": 12350,
        "45": 12825,
        "46": 13300,
        "47": 13775,
        "48": 14275,
        "49": 14800,
        "50": 15300,
        "51": 16625,
        "52": 17175,
        "53": 17725,
        "54": 18300,
        "55": 18875,
        "56": 19475,
        "57": 20075,
        "58": 20675,
        "59": 21300,
        "60": 21925,
        "61": 23675,
        "62": 24350,
        "63": 25025,
        "64": 25700,
        "65": 26400,
        "66": 27125,
        "67": 27825,
        "68": 28550,
        "69": 29275,
        "70": 30025,
        "71": 32300,
        "72": 33100,
        "73": 33900,
        "74": 34700,
        "75": 35525,
        "76": 36350,
        "77": 37200,
        "78": 38050,
        "79": 38900,
        "80": 39775,
        "81": 46950,
        "82": 52775,
        "83": 59275,
        "84": 66600,
        "85": 74800,
        "86": 83975,
        "87": 94275,
        "88": 105800,
        "89": 118725,
        "90": 133200
    },
    "Ascension": {
        "1": {
            "FIGHT_PROP_BASE_ATTACK": 11.6999998092651
        },
        "2": {
            "FIGHT_PROP_BASE_ATTACK": 23.2999992370605
        },
        "3": {
            "FIGHT_PROP_BASE_ATTACK": 35
        },
        "4": {
            "FIGHT_PROP_BASE_ATTACK": 46.7000007629395
        }
    },
    "Refinement": {},
    "Materials": {
        "1": {
            "Mats": [
                {
                    "Name": "高塔孤王的破瓦",
                    "Id": 114001,
                    "Count": 1,
                    "Rank": 2
                },
                {
                    "Name": "沉重号角",
                    "Id": 112014,
                    "Count": 1,
                    "Rank": 2
                },
                {
                    "Name": "破损的面具",
                    "Id": 112005,
                    "Count": 1,
                    "Rank": 1
                }
            ],
            "Cost": 0
        },
        "2": {
            "Mats": [
                {
                    "Name": "高塔孤王的残垣",
                    "Id": 114002,
                    "Count": 1,
                    "Rank": 3
                },
                {
                    "Name": "沉重号角",
                    "Id": 112014,
                    "Count": 4,
                    "Rank": 2
                },
                {
                    "Name": "破损的面具",
                    "Id": 112005,
                    "Count": 2,
                    "Rank": 1
                }
            ],
            "Cost": 5000
        },
        "3": {
            "Mats": [
                {
                    "Name": "高塔孤王的残垣",
                    "Id": 114002,