{
    "Name": "실버 소드",
    "Desc": "퇴마에 사용되는 실버 소드. 모두가 알다시피 원재료는 순은이 아니라 은 합금이다",
    "WeaponType": "WEAPON_SWORD_ONE_HAND",
    "WeaponProp": [
        {
            "propType": "FIGHT_PROP_BASE_ATTACK",
            "initValue": 32.9300003051758,
            "type": "GROW_CURVE_ATTACK_101"
        },
        {
            "type": "GROW_CURVE_CRITICAL_101"
        }
    ],
    "Rarity": 2,
    "Icon": "UI_EquipIcon_Sword_Silver",
    "StatsModifier": {
        "ATK": {
            "Base": 32.9300003051758,
            "Levels": {
                "1": 1,
                "2": 1.0759999752045,
                "3": 1.1519999504089,
                "4": 1.2280000448227,
                "5": 1.3029999732971,
                "6": 1.3789999485016,
                "7": 1.4539999961853,
                "8": 1.529000043869,
                "9": 1.6039999723434,
                "10": 1.6790000200272,
                "11": 1.7539999485016,
                "12": 1.8279999494553,
                "13": 1.902999997139,
                "14": 1.9769999980927,
                "15": 2.0510001182556,
                "16": 2.125,
                "17": 2.1989998817444,
                "18": 2.2730000019073,
                "19": 2.3469998836517,
                "20": 2.4200000762939,
                "21": 2.4930000305176,
                "22": 2.566999912262,
                "23": 2.6400001049042,
                "24": 2.7130000591278,
                "25": 2.7860000133514,
                "26": 2.8589999675751,
                "27": 2.930999994278,
                "28": 3.0039999485016,
                "29": 3.0759999752045,
                "30": 3.1480000019073,
                "31": 3.220999956131,
                "32": 3.2929999828339,
                "33": 3.3650000095367,
                "34": 3.4370000362396,
                "35": 3.5079998970032,
                "36": 3.5799999237061,
                "37": 3.6519999504089,
                "38": 3.7230000495911,
                "39": 3.7939999103546,
                "40": 3.8659999370575,
                "41": 3.9370000362396,
                "42": 4.0079998970032,
                "43": 4.0789999961853,
                "44": 4.1500000953674,
                "45": 4.2210001945496,
                "46": 4.2909998893738,
                "47": 4.3619999885559,
                "48": 4.433000087738,
                "49": 4.5029997825623,
                "50": 4.5739998817444,
                "51": 4.6440000534058,
                "52": 4.7140002250671,
                "53": 4.7839999198914,
                "54": 4.8550000190735,
                "55": 4.9250001907349,
                "56": 4.9949998855591,
                "57": 5.0650000572205,
                "58": 5.1339998245239,
                "59": 5.2039999961853,
                "60": 5.2740001678467,
                "61": 5.3439998626709,
                "62": 5.4130001068115,
                "63": 5.4829998016357,
                "64": 5.5520000457764,
                "65": 5.6220002174377,
                "66": 5.6909999847412,
                "67": 5.7610001564026,
                "68": 5.8299999237061,
                "69": 5.8990001678467,
                "70": 5.9679999351501,
                "71": 6.0380001068115,
                "72": 6.106999874115,
                "73": 6.1760001182556,
                "74": 6.2449998855591,
                "75": 6.3140001296997,
                "76": 6.3829998970032,
                "77": 6.4520001411438,
                "78": 6.5209999084473,
                "79": 6.5900001525879,
                "80": 6.6589999198914,
                "81": 6.7270002365112,
                "82": 6.7960000038147,
                "83": 6.8649997711182,
                "84": 6.9340000152588,
                "85": 7.0029997825623,
                "86": 7.0710000991821,
                "87": 7.1399998664856,
                "88": 7.2090001106262,
                "89": 7.2769999504089,
                "90": 7.3460001945496,
                "91": 7.414999961853,
                "92": 7.4829998016357,
                "93": 7.5520000457764,
                "94": 7.6209998130798,
                "95": 7.6890001296997,
                "96": 7.7579998970032,
                "97": 7.8270001411438,
                "98": 7.8949999809265,
                "99": 7.9640002250671,
                "100": 8.0329999923706
            }
        }
    },
    "XPRequirements": {
        "1": 175,
        "2": 275,
        "3": 400,
        "4": 550,
        "5": 700,
        "6": 875,
        "7": 1050,
        "8": 1250,
        "9": 1475,
        "10": 1700,
        "11": 1950,
        "12": 2225,
        "13": 2475,
        "14": 2775,
        "15": 3050,
        "16": 3375,
        "17": 3700,
        "18": 4025,
        "19": 4375,
        "20": 4725,
        "21": 5350,
        "22": 5750,
        "23": 6175,
        "24": 6600,
        "25": 7025,
        "26": 7475,
        "27": 7950,
        "28": 8425,
        "29": 8900,
        "30": 9400,
        "31": 9900,
        "32": 10450,
        "33": 10975,
        "34": 11525,
        "35": 12075,
        "36": 12650,
        "37": 13225,
        "38": 13825,
        "39": 14425,
        "40": 15050,
        "41": 16450,
        "42": 17125,
        "43": 17825,
        "44": 18525,
        "45": 19225,
        "46": 19950,
        "47": 20675,
        "48": 21425,
        "49": 22175,
        "50": 22950,
        "51": 24925,
        "52": 25750,
        "53": 26600,
        "54": 27450,
        "55": 28325,
        "56": 29225,
        "57": 30100,
        "58": 31025,
        "59": 31950,
        "60": 32875,
        "61": 35500,
        "62": 36500,
        "63": 37525,
        "64": 38575,
        "65": 39600,
        "66": 40675,
        "67": 41750,
        "68": 42825,
        "69": 43900,
        "70": 45025,
        "71": 48450,
        "72": 49650,
        "73": 50850,
        "74": 52075,
        "75": 53300,
        "76": 54550,
        "77": 55800,
        "78": 57075,
        "79": 58350,
        "80": 59650,
        "81": 70425,
        "82": 79150,
        "83": 88925,
        "84": 99900,
        "85": 112175,
        "86": 125975,
        "87": 141425,
        "88": 158725,
        "89": 178100,
        "90": 199800
    },
    "Ascension": {
        "1": {
            "FIGHT_PROP_BASE_ATTACK": 11.6999998092651
        },
        "2": {
            "FIGHT_PROP_BASE_ATTACK": 23.2999992370605
        },
        "3": {
            "FIGHT_PROP_BASE_ATTACK": 35
        },
        "4": {
            "FIGHT_PROP_BASE_ATTACK": 46.7000007629395
        }
    },
    "Refinement": {},
    "Materials": {
        "1": {
            "Mats": [
                {
                    "Name": "고탑 왕의 잔해",
                    "Id": 114001,
                    "Count": 1,
                    "Rank": 2
                },
                {
                    "Name": "무거운 나팔",
                    "Id": 112014,
                    "Count": 1,
                    "Rank": 2
                },
                {
                    "Name": "견고한 화살촉",
                    "Id": 112011,
                    "Count": 1,
                    "Rank": 1
                }
            ],
            "Cost": 5000
        },
        "2": {
            "Mats": [
                {
                    "Name": "고탑 왕의 절망",
                    "Id": 114002,
                    "Count": 1,
                    "Rank": 3
                },
                {
                    "Name": "무거운 나팔",
                    "Id": 112014,
                    "Count": 5,
                    "Rank": 2
                },
                {
                    "Name": "견고한 화살촉",
                    "Id": 112011,
                    "Count": 4,
                    "Rank": 1
                }
            ],
            "Cost": 5000
        },
        "3": {
            "Mats": [
                {
                    "Name": "고탑 왕의 절망",