{
    "Name": "파도 베는 지느러미",
    "Desc": "바닷속 반짝이는 재료로 만든 치도. 한때 텐구 일족이 소유했던 무기다",
    "WeaponType": "WEAPON_POLE",
    "WeaponProp": [
        {
            "propType": "FIGHT_PROP_BASE_ATTACK",
            "initValue": 45.0686988830566,
            "type": "GROW_CURVE_ATTACK_203"
        },
        {
            "propType": "FIGHT_PROP_ATTACK_PERCENT",
            "initValue": 0.0299999993294,
            "type": "GROW_CURVE_CRITICAL_201"
        }
    ],
    "Rarity": 4,
    "Icon": "UI_EquipIcon_Pole_Maria",
    "StatsModifier": {
        "ATK": {
            "Base": 45.0686988830566,
            "Levels": {
                "1": 1,
                "2": 1.0930000543594,
                "3": 1.1859999895096,
                "4": 1.2799999713898,
                "5": 1.37399995327,
                "6": 1.4689999818802,
                "7": 1.5650000572205,
                "8": 1.6610000133514,
                "9": 1.7569999694824,
                "10": 1.8539999723434,
                "11": 1.9520000219345,
                "12": 2.0490000247955,
                "13": 2.1470000743866,
                "14": 2.2460000514984,
                "15": 2.3450000286102,
                "16": 2.444000005722,
                "17": 2.5439999103546,
                "18": 2.6440000534058,
                "19": 2.7439999580383,
                "20": 2.8450000286102,
                "21": 2.9460000991821,
                "22": 3.0469999313354,
                "23": 3.1480000019073,
                "24": 3.25,
                "25": 3.3519999980927,
                "26": 3.4539999961853,
                "27": 3.5569999217987,
                "28": 3.6600000858307,
                "29": 3.7620000839233,
                "30": 3.8659999370575,
                "31": 3.9690001010895,
                "32": 4.0729999542236,
                "33": 4.1770000457764,
                "34": 4.2810001373291,
                "35": 4.3850002288818,
                "36": 4.4889998435974,
                "37": 4.5939998626709,
                "38": 4.6989998817444,
                "39": 4.8029999732971,
                "40": 4.9089999198914,
                "41": 5.0139999389648,
                "42": 5.1189999580383,
                "43": 5.2249999046326,
                "44": 5.3299999237061,
                "45": 5.4359998703003,
                "46": 5.5419998168945,
                "47": 5.6479997634888,
                "48": 5.7550001144409,
                "49": 5.8610000610352,
                "50": 5.9679999351501,
                "51": 6.0739998817444,
                "52": 6.1810002326965,
                "53": 6.2880001068115,
                "54": 6.3949999809265,
                "55": 6.5019998550415,
                "56": 6.6090002059937,
                "57": 6.7170000076294,
                "58": 6.8239998817444,
                "59": 6.9320001602173,
                "60": 7.0390000343323,
                "61": 7.146999835968,
                "62": 7.2550001144409,
                "63": 7.3629999160767,
                "64": 7.4710001945496,
                "65": 7.5789999961853,
                "66": 7.686999797821,
                "67": 7.7950000762939,
                "68": 7.9039998054504,
                "69": 8.0120000839233,
                "70": 8.1199998855591,
                "71": 8.2290000915527,
                "72": 8.3380002975464,
                "73": 8.4460000991821,
                "74": 8.5550003051758,
                "75": 8.6639995574951,
                "76": 8.7729997634888,
                "77": 8.8819999694824,
                "78": 8.9910001754761,
                "79": 9.1000003814697,
                "80": 9.2089996337891,
                "81": 9.3190002441406,
                "82": 9.4280004501343,
                "83": 9.5369997024536,
                "84": 9.6470003128052,
                "85": 9.7559995651245,
                "86": 9.8660001754761,
                "87": 9.9750003814697,
                "88": 10.085000038147,
                "89": 10.1949996948242,
                "90": 10.3050003051758,
                "91": 10.4139995574951,
                "92": 10.5240001678467,
                "93": 10.6339998245239,
                "94": 10.7440004348755,
                "95": 10.8540000915527,
                "96": 10.96399974823,
                "97": 11.0740003585815,
                "98": 11.1840000152588,
                "99": 11.2950000762939,
                "100": 11.4049997329712
            }
        },
        "FIGHT_PROP_ATTACK_PERCENT": {
            "Base": 0.0299999993294,
            "Levels": {
                "1": 1,
                "2": 1,
                "3": 1,
                "4": 1,
                "5": 1.1619999408722,
                "6": 1.1619999408722,
                "7": 1.1619999408722,
                "8": 1.1619999408722,
                "9": 1.1619999408722,
                "10": 1.3630000352859,
                "11": 1.3630000352859,
                "12": 1.3630000352859,
                "13": 1.3630000352859,
                "14": 1.3630000352859,
                "15": 1.5650000572205,
                "16": 1.5650000572205,
                "17": 1.5650000572205,
                "18": 1.5650000572205,
                "19": 1.5650000572205,
                "20": 1.7669999599457,
                "21": 1.7669999599457,
                "22": 1.7669999599457,
                "23": 1.7669999599457,
                "24": 1.7669999599457,
                "25": 1.9689999818802,
                "26": 1.9689999818802,
                "27": 1.9689999818802,
                "28": 1.9689999818802,
                "29": 1.9689999818802,
                "30": 2.1710000038147,
                "31": 2.1710000038147,
                "32": 2.1710000038147,
                "33": 2.1710000038147,
                "34": 2.1710000038147,
                "35": 2.3729999065399,
                "36": 2.3729999065399,
                "37": 2.3729999065399,
                "38": 2.3729999065399,
                "39": 2.3729999065399,
                "40": 2.5750000476837,
                "41": 2.5750000476837,
                "42": 2.5750000476837,
                "43": 2.5750000476837,
                "44": 2.5750000476837,
                "45": 2.7769999504089,
                "46": 2.7769999504089,
                "47": 2.7769999504089,
                "48": 2.7769999504089,
                "49": 2.7769999504089,
                "50": 2.9790000915527,
                "51": 2.9790000915527,
                "52": 2.9790000915527,
                "53": 2.9790000915527,
                "54": 2.9790000915527,
                "55": 3.180999994278,
                "56": 3.180999994278,
                "57": 3.180999994278,
                "58": 3.180999994278,
                "59": 3.180999994278,
                "60": 3.3829998970032,
                "61": 3.3829998970032,
                "62": 3.3829998970032,
                "63": 3.3829998970032,
                "64": 3.3829998970032,
                "65": 3.585000038147,
                "66": 3.585000038147,
                "67": 3.585000038147,
                "68": 3.585000038147,
                "69": 3.585000038147,
                "70": 3.7860000133514,
                "71": 3.7860000133514,
                "72": 3.7860000133514,
                "73": 3.7860000133514,
                "74": 3.7860000133514,
                "75": 3.9879999160767,
                "76": 3.9879999160767,
                "77": 3.9879999160767,
                "78": 3.9879999160767,
                "79": 3.9879999160767,
                "80": 4.1900000572205,
                "81": 4.1900000572205,
                "82": 4.1900000572205,
                "83": 4.1900000572205,
                "84": 4.1900000572205,
                "85": 4.3920001983643,
                "86": 4.3920001983643,
                "87": 4.3920001983643,
                "88": 4.3920001983643,