{
    "Name": "탐사용 드릴",
    "Desc": "지금은 거의 사라져 버린 긴 자루 드릴. 탐사와 조각용 암석을 절단하는 데 주로 사용됐다",
    "WeaponType": "WEAPON_POLE",
    "WeaponProp": [
        {
            "propType": "FIGHT_PROP_BASE_ATTACK",
            "initValue": 43.7349014282227,
            "type": "GROW_CURVE_ATTACK_202"
        },
        {
            "propType": "FIGHT_PROP_ATTACK_PERCENT",
            "initValue": 0.0599999986589,
            "type": "GROW_CURVE_CRITICAL_201"
        }
    ],
    "Rarity": 4,
    "Icon": "UI_EquipIcon_Pole_Mechanic",
    "StatsModifier": {
        "ATK": {
            "Base": 43.7349014282227,
            "Levels": {
                "1": 1,
                "2": 1.0880000591278,
                "3": 1.1759999990463,
                "4": 1.2640000581741,
                "5": 1.3530000448227,
                "6": 1.4420000314713,
                "7": 1.5310000181198,
                "8": 1.6210000514984,
                "9": 1.710000038147,
                "10": 1.7999999523163,
                "11": 1.8910000324249,
                "12": 1.9809999465942,
                "13": 2.0720000267029,
                "14": 2.1619999408722,
                "15": 2.2530000209808,
                "16": 2.3450000286102,
                "17": 2.4360001087189,
                "18": 2.5269999504089,
                "19": 2.6189999580383,
                "20": 2.7109999656677,
                "21": 2.8029999732971,
                "22": 2.8949999809265,
                "23": 2.9869999885559,
                "24": 3.0799999237061,
                "25": 3.1719999313354,
                "26": 3.2650001049042,
                "27": 3.3580000400543,
                "28": 3.4509999752045,
                "29": 3.5439999103546,
                "30": 3.6370000839233,
                "31": 3.7309999465942,
                "32": 3.8239998817444,
                "33": 3.9179999828339,
                "34": 4.0110001564026,
                "35": 4.1050000190735,
                "36": 4.1989998817444,
                "37": 4.2930002212524,
                "38": 4.3870000839233,
                "39": 4.4809999465942,
                "40": 4.5749998092651,
                "41": 4.6690001487732,
                "42": 4.7630000114441,
                "43": 4.8579998016357,
                "44": 4.9520001411438,
                "45": 5.0469999313354,
                "46": 5.1420001983643,
                "47": 5.2360000610352,
                "48": 5.3309998512268,
                "49": 5.4260001182556,
                "50": 5.5209999084473,
                "51": 5.6160001754761,
                "52": 5.7109999656677,
                "53": 5.8060002326965,
                "54": 5.9010000228882,
                "55": 5.9959998130798,
                "56": 6.0920000076294,
                "57": 6.186999797821,
                "58": 6.2820000648499,
                "59": 6.3779997825623,
                "60": 6.4730000495911,
                "61": 6.5689997673035,
                "62": 6.6640000343323,
                "63": 6.7600002288818,
                "64": 6.8559999465942,
                "65": 6.951000213623,
                "66": 7.0469999313354,
                "67": 7.143000125885,
                "68": 7.2389998435974,
                "69": 7.335000038147,
                "70": 7.4310002326965,
                "71": 7.5269999504089,
                "72": 7.6230001449585,
                "73": 7.7189998626709,
                "74": 7.8150000572205,
                "75": 7.9109997749329,
                "76": 8.0069999694824,
                "77": 8.1029996871948,
                "78": 8.1990003585815,
                "79": 8.2959995269775,
                "80": 8.3920001983643,
                "81": 8.4879999160767,
                "82": 8.585000038147,
                "83": 8.6809997558594,
                "84": 8.7770004272461,
                "85": 8.8739995956421,
                "86": 8.9700002670288,
                "87": 9.0670003890991,
                "88": 9.1630001068115,
                "89": 9.2600002288818,
                "90": 9.3559999465942,
                "91": 9.4530000686646,
                "92": 9.5500001907349,
                "93": 9.6459999084473,
                "94": 9.7430000305176,
                "95": 9.8400001525879,
                "96": 9.9359998703003,
                "97": 10.0329999923706,
                "98": 10.1300001144409,
                "99": 10.2270002365112,
                "100": 10.3240003585815
            }
        },
        "FIGHT_PROP_ATTACK_PERCENT": {
            "Base": 0.0599999986589,
            "Levels": {
                "1": 1,
                "2": 1,
                "3": 1,
                "4": 1,
                "5": 1.1619999408722,
                "6": 1.1619999408722,
                "7": 1.1619999408722,
                "8": 1.1619999408722,
                "9": 1.1619999408722,
                "10": 1.3630000352859,
                "11": 1.3630000352859,
                "12": 1.3630000352859,
                "13": 1.3630000352859,
                "14": 1.3630000352859,
                "15": 1.5650000572205,
                "16": 1.5650000572205,
                "17": 1.5650000572205,
                "18": 1.5650000572205,
                "19": 1.5650000572205,
                "20": 1.7669999599457,
                "21": 1.7669999599457,
                "22": 1.7669999599457,
                "23": 1.7669999599457,
                "24": 1.7669999599457,
                "25": 1.9689999818802,
                "26": 1.9689999818802,
                "27": 1.9689999818802,
                "28": 1.9689999818802,
                "29": 1.9689999818802,
                "30": 2.1710000038147,
                "31": 2.1710000038147,
                "32": 2.1710000038147,
                "33": 2.1710000038147,
                "34": 2.1710000038147,
                "35": 2.3729999065399,
                "36": 2.3729999065399,
                "37": 2.3729999065399,
                "38": 2.3729999065399,
                "39": 2.3729999065399,
                "40": 2.5750000476837,
                "41": 2.5750000476837,
                "42": 2.5750000476837,
                "43": 2.5750000476837,
                "44": 2.5750000476837,
                "45": 2.7769999504089,
                "46": 2.7769999504089,
                "47": 2.7769999504089,
                "48": 2.7769999504089,
                "49": 2.7769999504089,
                "50": 2.9790000915527,
                "51": 2.9790000915527,
                "52": 2.9790000915527,
                "53": 2.9790000915527,
                "54": 2.9790000915527,
                "55": 3.180999994278,
                "56": 3.180999994278,
                "57": 3.180999994278,
                "58": 3.180999994278,
                "59": 3.180999994278,
                "60": 3.3829998970032,
                "61": 3.3829998970032,
                "62": 3.3829998970032,
                "63": 3.3829998970032,
                "64": 3.3829998970032,
                "65": 3.585000038147,
                "66": 3.585000038147,
                "67": 3.585000038147,
                "68": 3.585000038147,
                "69": 3.585000038147,
                "70": 3.7860000133514,
                "71": 3.7860000133514,
                "72": 3.7860000133514,
                "73": 3.7860000133514,
                "74": 3.7860000133514,
                "75": 3.9879999160767,
                "76": 3.9879999160767,
                "77": 3.9879999160767,
                "78": 3.9879999160767,
                "79": 3.9879999160767,
                "80": 4.1900000572205,
                "81": 4.1900000572205,
                "82": 4.1900000572205,
                "83": 4.1900000572205,
                "84": 4.1900000572205,
                "85": 4.3920001983643,
                "86": 4.3920001983643,
                "87": 4.3920001983643,
                "88": 4.3920001983643,