{
    "Name": "마도 서론",
    "Desc": "제12판. 시대 발전에 따라 새로운 내용을 추가하고 제11판의 오탈자를 수정하였다",
    "WeaponType": "WEAPON_CATALYST",
    "WeaponProp": [
        {
            "propType": "FIGHT_PROP_BASE_ATTACK",
            "initValue": 37.6074981689453,
            "type": "GROW_CURVE_ATTACK_104"
        },
        {
            "propType": "FIGHT_PROP_ELEMENT_MASTERY",
            "initValue": 40.7999992370605,
            "type": "GROW_CURVE_CRITICAL_101"
        }
    ],
    "Rarity": 3,
    "Icon": "UI_EquipIcon_Catalyst_Intro",
    "StatsModifier": {
        "ATK": {
            "Base": 37.6074981689453,
            "Levels": {
                "1": 1,
                "2": 1.0709999799728,
                "3": 1.1410000324249,
                "4": 1.2109999656677,
                "5": 1.2799999713898,
                "6": 1.3489999771118,
                "7": 1.4170000553131,
                "8": 1.4859999418259,
                "9": 1.5529999732971,
                "10": 1.6210000514984,
                "11": 1.6879999637604,
                "12": 1.7539999485016,
                "13": 1.8200000524521,
                "14": 1.8860000371933,
                "15": 1.9520000219345,
                "16": 2.0169999599457,
                "17": 2.0820000171661,
                "18": 2.1470000743866,
                "19": 2.2109999656677,
                "20": 2.2750000953674,
                "21": 2.3389999866486,
                "22": 2.4019999504089,
                "23": 2.4660000801086,
                "24": 2.529000043869,
                "25": 2.5910000801086,
                "26": 2.654000043869,
                "27": 2.7160000801086,
                "28": 2.7780001163483,
                "29": 2.8399999141693,
                "30": 2.9010000228882,
                "31": 2.9619998931885,
                "32": 3.0230000019073,
                "33": 3.0840001106262,
                "34": 3.1449999809265,
                "35": 3.2049999237061,
                "36": 3.2650001049042,
                "37": 3.3250000476837,
                "38": 3.3849999904633,
                "39": 3.4449999332428,
                "40": 3.5039999485016,
                "41": 3.5639998912811,
                "42": 3.6229999065399,
                "43": 3.6819999217987,
                "44": 3.7409999370575,
                "45": 3.7990000247955,
                "46": 3.8580000400543,
                "47": 3.9159998893738,
                "48": 3.9739999771118,
                "49": 4.0320000648499,
                "50": 4.0900001525879,
                "51": 4.1479997634888,
                "52": 4.2049999237061,
                "53": 4.2630000114441,
                "54": 4.3200001716614,
                "55": 4.3769998550415,
                "56": 4.4340000152588,
                "57": 4.4910001754761,
                "58": 4.5479998588562,
                "59": 4.6050000190735,
                "60": 4.6609997749329,
                "61": 4.7179999351501,
                "62": 4.7740001678467,
                "63": 4.8299999237061,
                "64": 4.8870000839233,
                "65": 4.9429998397827,
                "66": 4.9990000724792,
                "67": 5.0539999008179,
                "68": 5.1100001335144,
                "69": 5.1659998893738,
                "70": 5.2220001220703,
                "71": 5.2769999504089,
                "72": 5.3330001831055,
                "73": 5.3880000114441,
                "74": 5.4429998397827,
                "75": 5.4980001449585,
                "76": 5.5539999008179,
                "77": 5.6090002059937,
                "78": 5.6640000343323,
                "79": 5.7189998626709,
                "80": 5.7740001678467,
                "81": 5.8280000686646,
                "82": 5.8829998970032,
                "83": 5.938000202179,
                "84": 5.9930000305176,
                "85": 6.0469999313354,
                "86": 6.1020002365112,
                "87": 6.1560001373291,
                "88": 6.2109999656677,
                "89": 6.2649998664856,
                "90": 6.3200001716614,
                "91": 6.3740000724792,
                "92": 6.4279999732971,
                "93": 6.4829998016357,
                "94": 6.5370001792908,
                "95": 6.5910000801086,
                "96": 6.6459999084473,
                "97": 6.6999998092651,
                "98": 6.7540001869202,
                "99": 6.808000087738,
                "100": 6.8619999885559
            }
        },
        "FIGHT_PROP_ELEMENT_MASTERY": {
            "Base": 40.7999992370605,
            "Levels": {
                "1": 1,
                "2": 1,
                "3": 1,
                "4": 1,
                "5": 1.1619999408722,
                "6": 1.1619999408722,
                "7": 1.1619999408722,
                "8": 1.1619999408722,
                "9": 1.1619999408722,
                "10": 1.3630000352859,
                "11": 1.3630000352859,
                "12": 1.3630000352859,
                "13": 1.3630000352859,
                "14": 1.3630000352859,
                "15": 1.5650000572205,
                "16": 1.5650000572205,
                "17": 1.5650000572205,
                "18": 1.5650000572205,
                "19": 1.5650000572205,
                "20": 1.7669999599457,
                "21": 1.7669999599457,
                "22": 1.7669999599457,
                "23": 1.7669999599457,
                "24": 1.7669999599457,
                "25": 1.9689999818802,
                "26": 1.9689999818802,
                "27": 1.9689999818802,
                "28": 1.9689999818802,
                "29": 1.9689999818802,
                "30": 2.1710000038147,
                "31": 2.1710000038147,
                "32": 2.1710000038147,
                "33": 2.1710000038147,
                "34": 2.1710000038147,
                "35": 2.3729999065399,
                "36": 2.3729999065399,
                "37": 2.3729999065399,
                "38": 2.3729999065399,
                "39": 2.3729999065399,
                "40": 2.5750000476837,
                "41": 2.5750000476837,
                "42": 2.5750000476837,
                "43": 2.5750000476837,
                "44": 2.5750000476837,
                "45": 2.7769999504089,
                "46": 2.7769999504089,
                "47": 2.7769999504089,
                "48": 2.7769999504089,
                "49": 2.7769999504089,
                "50": 2.9790000915527,
                "51": 2.9790000915527,
                "52": 2.9790000915527,
                "53": 2.9790000915527,
                "54": 2.9790000915527,
                "55": 3.180999994278,
                "56": 3.180999994278,
                "57": 3.180999994278,
                "58": 3.180999994278,
                "59": 3.180999994278,
                "60": 3.3829998970032,
                "61": 3.3829998970032,
                "62": 3.3829998970032,
                "63": 3.3829998970032,
                "64": 3.3829998970032,
                "65": 3.585000038147,
                "66": 3.585000038147,
                "67": 3.585000038147,
                "68": 3.585000038147,
                "69": 3.585000038147,
                "70": 3.7860000133514,
                "71": 3.7860000133514,
                "72": 3.7860000133514,
                "73": 3.7860000133514,
                "74": 3.7860000133514,
                "75": 3.9879999160767,
                "76": 3.9879999160767,
                "77": 3.9879999160767,
                "78": 3.9879999160767,
                "79": 3.9879999160767,
                "80": 4.1900000572205,
                "81": 4.1900000572205,
                "82": 4.1900000572205,
                "83": 4.1900000572205,
                "84": 4.1900000572205,
                "85": 4.3920001983643,
                "86": 4.3920001983643,
                "87": 4.3920001983643,
                "88": 4.3920001983643,