{
    "Name": "{RUBY_B#いま}今{RUBY_E#}が{RUBY_B#ちょうど}丁度{RUBY_E#}",
    "Desc": "賑やかな町。彼は歩き、日の光が後をついて行く。\\n彼は足を止め、紙傘を選び、涼を取る\\n——同時に、その視線も遮った。",
    "Rarity": "CombatPowerLightconeRarity4",
    "BaseType": "Priest",
    "Refinements": {
        "Name": "{RUBY_B#くっせつ}屈折{RUBY_E#}する{RUBY_B#しせん}視線{RUBY_E#}",
        "Desc": "装備キャラの効果抵抗+<color=#f29e38ff><unbreak>#1[i]%</unbreak></color>。装備キャラの治癒量が、効果抵抗の<color=#f29e38ff><unbreak>#2[i]%</unbreak></color>分アップする、最大で<color=#f29e38ff><unbreak>#3[i]%</unbreak></color>アップできる。",
        "Level": {
            "1": {
                "ParamList": [
                    0.1600000001490116,
                    0.33000000030733645,
                    0.1500000001396984
                ]
            },
            "2": {
                "ParamList": [
                    0.20000000018626451,
                    0.3600000003352761,
                    0.18000000016763806
                ]
            },
            "3": {
                "ParamList": [
                    0.24000000022351742,
                    0.3900000003632158,
                    0.21000000019557774
                ]
            },
            "4": {
                "ParamList": [
                    0.2800000002607703,
                    0.4200000003911555,
                    0.24000000022351742
                ]
            },
            "5": {
                "ParamList": [
                    0.3200000002980232,
                    0.45000000041909516,
                    0.2700000002514571
                ]
            }
        }
    },
    "Stats": [
        {
            "EquipmentID": 21014,
            "PromotionCostList": [
                {
                    "$type": "ItemConfigRow",
                    "ItemID": 2,
                    "ItemNum": 4000,
                    "Rarity": "Rare"
                },
                {
                    "$type": "ItemConfigRow",
                    "ItemID": 113011,
                    "ItemNum": 5,
                    "Rarity": "NotNormal"
                }
            ],
            "PlayerLevelRequire": 15,
            "MaxLevel": 20,
            "BaseHP": 43.200000000186265,
            "BaseHPAdd": 6.480000000447035,
            "BaseAttack": 19.200000000186265,
            "BaseAttackAdd": 2.880000000819564,
            "BaseDefence": 18,
            "BaseDefenceAdd": 2.700000000651926
        },
        {
            "EquipmentID": 21014,
            "Promotion": 1,
            "PromotionCostList": [
                {
                    "$type": "ItemConfigRow",
                    "ItemID": 2,
                    "ItemNum": 8000,
                    "Rarity": "Rare"
                },
                {
                    "$type": "ItemConfigRow",
                    "ItemID": 110171,
                    "ItemNum": 3,
                    "Rarity": "NotNormal"
                },
                {
                    "$type": "ItemConfigRow",
                    "ItemID": 113011,
                    "ItemNum": 10,
                    "Rarity": "NotNormal"
                }
            ],
            "WorldLevelRequire": 1,
            "MaxLevel": 30,
            "BaseHP": 95.04000000003725,
            "BaseHPAdd": 6.480000000447035,
            "BaseAttack": 42.24000000022352,
            "BaseAttackAdd": 2.880000000819564,
            "BaseDefence": 39.60000000055879,
            "BaseDefenceAdd": 2.700000000651926
        },
        {
            "EquipmentID": 21014,
            "Promotion": 2,
            "PromotionCostList": [
                {
                    "$type": "ItemConfigRow",
                    "ItemID": 2,
                    "ItemNum": 16000,
                    "Rarity": "Rare"
                },
                {
                    "$type": "ItemConfigRow",
                    "ItemID": 110172,
                    "ItemNum": 3,
                    "Rarity": "Rare"
                },
                {
                    "$type": "ItemConfigRow",
                    "ItemID": 113012,
                    "ItemNum": 6,
                    "Rarity": "Rare"
                }
            ],
            "WorldLevelRequire": 2,
            "MaxLevel": 40,
            "BaseHP": 164.160000000149,
            "BaseHPAdd": 6.480000000447035,
            "BaseAttack": 72.96000000089407,
            "BaseAttackAdd": 2.880000000819564,
            "BaseDefence": 68.40000000037253,
            "BaseDefenceAdd": 2.700000000651926
        },
        {
            "EquipmentID": 21014,
            "Promotion": 3,
            "PromotionCostList": [
                {
                    "$type": "ItemConfigRow",
                    "ItemID": 2,
                    "ItemNum": 40000,
                    "Rarity": "Rare"
                },
                {
                    "$type": "ItemConfigRow",
                    "ItemID": 110172,
                    "ItemNum": 6,
                    "Rarity": "Rare"
                },
                {
                    "$type": "ItemConfigRow",
                    "ItemID": 113012,
                    "ItemNum": 9,
                    "Rarity": "Rare"
                }
            ],
            "WorldLevelRequire": 3,
            "MaxLevel": 50,
            "BaseHP": 233.28000000026077,
            "BaseHPAdd": 6.480000000447035,
            "BaseAttack": 103.6800000006333,
            "BaseAttackAdd": 2.880000000819564,
            "BaseDefence": 97.20000000018626,
            "BaseDefenceAdd": 2.700000000651926
        },
        {
            "EquipmentID": 21014,
            "Promotion": 4,
            "PromotionCostList": [
                {
                    "$type": "ItemConfigRow",
                    "ItemID": 2,
                    "ItemNum": 80000,
                    "Rarity": "Rare"
                },
                {
                    "$type": "ItemConfigRow",
                    "ItemID": 110173,
                    "ItemNum": 4,
                    "Rarity": "VeryRare"
                },
                {
                    "$type": "ItemConfigRow",
                    "ItemID": 113013,
                    "ItemNum": 5,
                    "Rarity": "VeryRare"
                }
            ],
            "WorldLevelRequire": 4,
            "MaxLevel": 60,
            "BaseHP": 302.40000000037253,
            "BaseHPAdd": 6.480000000447035,
            "BaseAttack": 134.40000000037253,
            "BaseAttackAdd": 2.880000000819564,
            "BaseDefence": 126,
            "BaseDefenceAdd": 2.700000000651926
        },
        {
            "EquipmentID": 21014,
            "Promotion": 5,
            "PromotionCostList": [
                {
                    "$type": "ItemConfigRow",
                    "ItemID": 2,
                    "ItemNum": 160000,
                    "Rarity": "Rare"
                },
                {
                    "$type": "ItemConfigRow",
                    "ItemID": 110173,
                    "ItemNum": 8,
                    "Rarity": "VeryRare"
                },
                {
                    "$type": "ItemConfigRow",
                    "ItemID": 113013,
                    "ItemNum": 7,
                    "Rarity": "VeryRare"
                }
            ],
            "WorldLevelRequire": 5,
            "MaxLevel": 70,
            "BaseHP": 371.5200000004843,
            "BaseHPAdd": 6.480000000447035,
            "BaseAttack": 165.12000000011176,
            "BaseAttackAdd": 2.880000000819564,
            "BaseDefence": 154.80000000074506,
            "BaseDefenceAdd": 2.700000000651926
        },
        {
            "EquipmentID": 21014,
            "Promotion": 6,
            "PromotionCostList": [],
            "WorldLevelRequire": 5,
            "MaxLevel": 80,
            "BaseHP": 440.64000000059605,
            "BaseHPAdd": 6.480000000447035,
            "BaseAttack": 195.8400000007823,
            "BaseAttackAdd": 2.880000000819564,