{
    "Name": "夜は影のように付き纏う",
    "Desc": "<i>「足跡」</i>\\n<i>「擦跡」</i>\\n<i>「匂い」</i>\\n\\nすべてを適切に処理した後、彼は1枚の烏の羽を拾い上げ、軽やかに屋上の上に飛び乗った。\\n広大な都市で、漆黒の影は誰も見ていない片隅を行き交う。\\n\\n<i>「影に溶け込み、お前たちを見守っている」</i>",
    "Rarity": "CombatPowerLightconeRarity4",
    "BaseType": "Rogue",
    "Refinements": {
        "Name": "隠伏",
        "Desc": "装備者の撃破特効+<color=#f29e38ff><unbreak>#1[i]%</unbreak></color>、戦闘に入る時または撃破ダメージを与えた後、速度+<color=#f29e38ff><unbreak>#2[i]%</unbreak></color>、<unbreak>#3[i]</unbreak>ターン継続。この効果は1ターンごとに1回のみ発動する。",
        "Level": {
            "1": {
                "ParamList": [
                    0.2800000002607703,
                    0.0800000000745058,
                    2
                ]
            },
            "2": {
                "ParamList": [
                    0.3500000003259629,
                    0.09000000008381903,
                    2
                ]
            },
            "3": {
                "ParamList": [
                    0.4200000003911555,
                    0.10000000009313226,
                    2
                ]
            },
            "4": {
                "ParamList": [
                    0.49000000045634806,
                    0.11000000010244548,
                    2
                ]
            },
            "5": {
                "ParamList": [
                    0.5600000005215406,
                    0.12000000011175871,
                    2
                ]
            }
        }
    },
    "Stats": [
        {
            "EquipmentID": 21047,
            "PromotionCostList": [
                {
                    "$type": "ItemConfigRow",
                    "ItemID": 2,
                    "ItemNum": 4000
                },
                {
                    "$type": "ItemConfigRow",
                    "ItemID": 113011,
                    "ItemNum": 5
                }
            ],
            "PlayerLevelRequire": 15,
            "MaxLevel": 20,
            "BaseHP": 38.40000000037253,
            "BaseHPAdd": 5.760000000707805,
            "BaseAttack": 21.600000000558794,
            "BaseAttackAdd": 3.2400000002235174,
            "BaseDefence": 18,
            "BaseDefenceAdd": 2.700000000651926
        },
        {
            "EquipmentID": 21047,
            "Promotion": 1,
            "PromotionCostList": [
                {
                    "$type": "ItemConfigRow",
                    "ItemID": 2,
                    "ItemNum": 8000
                },
                {
                    "$type": "ItemConfigRow",
                    "ItemID": 110191,
                    "ItemNum": 3
                },
                {
                    "$type": "ItemConfigRow",
                    "ItemID": 113011,
                    "ItemNum": 10
                }
            ],
            "WorldLevelRequire": 1,
            "MaxLevel": 30,
            "BaseHP": 84.48000000044703,
            "BaseHPAdd": 5.760000000707805,
            "BaseAttack": 47.52000000048429,
            "BaseAttackAdd": 3.2400000002235174,
            "BaseDefence": 39.60000000055879,
            "BaseDefenceAdd": 2.700000000651926
        },
        {
            "EquipmentID": 21047,
            "Promotion": 2,
            "PromotionCostList": [
                {
                    "$type": "ItemConfigRow",
                    "ItemID": 2,
                    "ItemNum": 16000
                },
                {
                    "$type": "ItemConfigRow",
                    "ItemID": 110192,
                    "ItemNum": 3
                },
                {
                    "$type": "ItemConfigRow",
                    "ItemID": 113012,
                    "ItemNum": 6
                }
            ],
            "WorldLevelRequire": 2,
            "MaxLevel": 40,
            "BaseHP": 145.92000000085682,
            "BaseHPAdd": 5.760000000707805,
            "BaseAttack": 82.0800000000745,
            "BaseAttackAdd": 3.2400000002235174,
            "BaseDefence": 68.40000000037253,
            "BaseDefenceAdd": 2.700000000651926
        },
        {
            "EquipmentID": 21047,
            "Promotion": 3,
            "PromotionCostList": [
                {
                    "$type": "ItemConfigRow",
                    "ItemID": 2,
                    "ItemNum": 40000
                },
                {
                    "$type": "ItemConfigRow",
                    "ItemID": 110192,
                    "ItemNum": 6
                },
                {
                    "$type": "ItemConfigRow",
                    "ItemID": 113012,
                    "ItemNum": 9
                }
            ],
            "WorldLevelRequire": 3,
            "MaxLevel": 50,
            "BaseHP": 207.36000000033528,
            "BaseHPAdd": 5.760000000707805,
            "BaseAttack": 116.64000000059605,
            "BaseAttackAdd": 3.2400000002235174,
            "BaseDefence": 97.20000000018626,
            "BaseDefenceAdd": 2.700000000651926
        },
        {
            "EquipmentID": 21047,
            "Promotion": 4,
            "PromotionCostList": [
                {
                    "$type": "ItemConfigRow",
                    "ItemID": 2,
                    "ItemNum": 80000
                },
                {
                    "$type": "ItemConfigRow",
                    "ItemID": 110193,
                    "ItemNum": 4
                },
                {
                    "$type": "ItemConfigRow",
                    "ItemID": 113013,
                    "ItemNum": 5
                }
            ],
            "WorldLevelRequire": 4,
            "MaxLevel": 60,
            "BaseHP": 268.80000000074506,
            "BaseHPAdd": 5.760000000707805,
            "BaseAttack": 151.20000000018626,
            "BaseAttackAdd": 3.2400000002235174,
            "BaseDefence": 126,
            "BaseDefenceAdd": 2.700000000651926
        },
        {
            "EquipmentID": 21047,
            "Promotion": 5,
            "PromotionCostList": [
                {
                    "$type": "ItemConfigRow",
                    "ItemID": 2,
                    "ItemNum": 160000
                },
                {
                    "$type": "ItemConfigRow",
                    "ItemID": 110193,
                    "ItemNum": 8
                },
                {
                    "$type": "ItemConfigRow",
                    "ItemID": 113013,
                    "ItemNum": 7
                }
            ],
            "WorldLevelRequire": 5,
            "MaxLevel": 70,
            "BaseHP": 330.2400000002235,
            "BaseHPAdd": 5.760000000707805,
            "BaseAttack": 185.7600000007078,
            "BaseAttackAdd": 3.2400000002235174,
            "BaseDefence": 154.80000000074506,
            "BaseDefenceAdd": 2.700000000651926
        },
        {
            "EquipmentID": 21047,
            "Promotion": 6,
            "PromotionCostList": [],
            "WorldLevelRequire": 5,
            "MaxLevel": 80,
            "BaseHP": 391.6800000006333,
            "BaseHPAdd": 5.760000000707805,
            "BaseAttack": 220.32000000029802,
            "BaseAttackAdd": 3.2400000002235174,
            "BaseDefence": 183.6000000005588,
            "BaseDefenceAdd": 2.700000000651926
        }
    ]
}