{
    "Name": "{RUBY_B#つ}着{RUBY_E#}かない{RUBY_B#ひがん}彼岸{RUBY_E#}",
    "Desc": "彼は毎年、何本かの新しい剣を携えここにやってくる。\\n彼は剣の主たちの最期を見届けた。\\nその場を離れるたび、彼は無念に思う…\\n\\n己の剣は、いつになったらここに運ばれてくるのだろう。",
    "Rarity": "CombatPowerLightconeRarity5",
    "BaseType": "Warrior",
    "Refinements": {
        "Name": "ならぬ",
        "Desc": "装備キャラの会心率+<color=#f29e38ff><unbreak>#1[i]%</unbreak></color>、最大HP+<color=#f29e38ff><unbreak>#2[i]%</unbreak></color>。装備キャラが攻撃を受ける、または自身のHPを消費すると、与ダメージ+<color=#f29e38ff><unbreak>#3[i]%</unbreak></color>、この効果は装備キャラが攻撃を行った後に解除される。",
        "Level": {
            "1": {
                "ParamList": [
                    0.18000000016763806,
                    0.18000000016763806,
                    0.24000000022351742
                ]
            },
            "2": {
                "ParamList": [
                    0.21000000019557774,
                    0.21000000019557774,
                    0.2800000002607703
                ]
            },
            "3": {
                "ParamList": [
                    0.24000000022351742,
                    0.24000000022351742,
                    0.3200000002980232
                ]
            },
            "4": {
                "ParamList": [
                    0.2700000002514571,
                    0.2700000002514571,
                    0.3600000003352761
                ]
            },
            "5": {
                "ParamList": [
                    0.3000000002793968,
                    0.3000000002793968,
                    0.40000000037252903
                ]
            }
        }
    },
    "Stats": [
        {
            "EquipmentID": 23009,
            "PromotionCostList": [
                {
                    "$type": "ItemConfigRow",
                    "ItemID": 2,
                    "ItemNum": 5000,
                    "Rarity": "Rare"
                },
                {
                    "$type": "ItemConfigRow",
                    "ItemID": 113001,
                    "ItemNum": 8,
                    "Rarity": "NotNormal"
                }
            ],
            "PlayerLevelRequire": 15,
            "MaxLevel": 20,
            "BaseHP": 57.60000000055879,
            "BaseHPAdd": 8.640000000596046,
            "BaseAttack": 26.40000000037253,
            "BaseAttackAdd": 3.9600000008940697,
            "BaseDefence": 15,
            "BaseDefenceAdd": 2.2500000002328306
        },
        {
            "EquipmentID": 23009,
            "Promotion": 1,
            "PromotionCostList": [
                {
                    "$type": "ItemConfigRow",
                    "ItemID": 2,
                    "ItemNum": 10000,
                    "Rarity": "Rare"
                },
                {
                    "$type": "ItemConfigRow",
                    "ItemID": 110111,
                    "ItemNum": 4,
                    "Rarity": "NotNormal"
                },
                {
                    "$type": "ItemConfigRow",
                    "ItemID": 113001,
                    "ItemNum": 12,
                    "Rarity": "NotNormal"
                }
            ],
            "WorldLevelRequire": 1,
            "MaxLevel": 30,
            "BaseHP": 126.72000000067055,
            "BaseHPAdd": 8.640000000596046,
            "BaseAttack": 58.080000000074506,
            "BaseAttackAdd": 3.9600000008940697,
            "BaseDefence": 33,
            "BaseDefenceAdd": 2.2500000002328306
        },
        {
            "EquipmentID": 23009,
            "Promotion": 2,
            "PromotionCostList": [
                {
                    "$type": "ItemConfigRow",
                    "ItemID": 2,
                    "ItemNum": 20000,
                    "Rarity": "Rare"
                },
                {
                    "$type": "ItemConfigRow",
                    "ItemID": 110112,
                    "ItemNum": 4,
                    "Rarity": "Rare"
                },
                {
                    "$type": "ItemConfigRow",
                    "ItemID": 113002,
                    "ItemNum": 8,
                    "Rarity": "Rare"
                }
            ],
            "WorldLevelRequire": 2,
            "MaxLevel": 40,
            "BaseHP": 218.88000000081956,
            "BaseHPAdd": 8.640000000596046,
            "BaseAttack": 100.32000000029802,
            "BaseAttackAdd": 3.9600000008940697,
            "BaseDefence": 57,
            "BaseDefenceAdd": 2.2500000002328306
        },
        {
            "EquipmentID": 23009,
            "Promotion": 3,
            "PromotionCostList": [
                {
                    "$type": "ItemConfigRow",
                    "ItemID": 2,
                    "ItemNum": 50000,
                    "Rarity": "Rare"
                },
                {
                    "$type": "ItemConfigRow",
                    "ItemID": 110112,
                    "ItemNum": 8,
                    "Rarity": "Rare"
                },
                {
                    "$type": "ItemConfigRow",
                    "ItemID": 113002,
                    "ItemNum": 12,
                    "Rarity": "Rare"
                }
            ],
            "WorldLevelRequire": 3,
            "MaxLevel": 50,
            "BaseHP": 311.04000000003725,
            "BaseHPAdd": 8.640000000596046,
            "BaseAttack": 142.56000000052154,
            "BaseAttackAdd": 3.9600000008940697,
            "BaseDefence": 81,
            "BaseDefenceAdd": 2.2500000002328306
        },
        {
            "EquipmentID": 23009,
            "Promotion": 4,
            "PromotionCostList": [
                {
                    "$type": "ItemConfigRow",
                    "ItemID": 2,
                    "ItemNum": 100000,
                    "Rarity": "Rare"
                },
                {
                    "$type": "ItemConfigRow",
                    "ItemID": 110113,
                    "ItemNum": 5,
                    "Rarity": "VeryRare"
                },
                {
                    "$type": "ItemConfigRow",
                    "ItemID": 113003,
                    "ItemNum": 6,
                    "Rarity": "VeryRare"
                }
            ],
            "WorldLevelRequire": 4,
            "MaxLevel": 60,
            "BaseHP": 403.20000000018626,
            "BaseHPAdd": 8.640000000596046,
            "BaseAttack": 184.80000000074506,
            "BaseAttackAdd": 3.9600000008940697,
            "BaseDefence": 105,
            "BaseDefenceAdd": 2.2500000002328306
        },
        {
            "EquipmentID": 23009,
            "Promotion": 5,
            "PromotionCostList": [
                {
                    "$type": "ItemConfigRow",
                    "ItemID": 2,
                    "ItemNum": 200000,
                    "Rarity": "Rare"
                },
                {
                    "$type": "ItemConfigRow",
                    "ItemID": 110113,
                    "ItemNum": 10,
                    "Rarity": "VeryRare"
                },
                {
                    "$type": "ItemConfigRow",
                    "ItemID": 113003,
                    "ItemNum": 8,
                    "Rarity": "VeryRare"
                }
            ],
            "WorldLevelRequire": 5,
            "MaxLevel": 70,
            "BaseHP": 495.3600000003353,
            "BaseHPAdd": 8.640000000596046,
            "BaseAttack": 227.04000000003725,
            "BaseAttackAdd": 3.9600000008940697,
            "BaseDefence": 129,
            "BaseDefenceAdd": 2.2500000002328306
        },
        {
            "EquipmentID": 23009,
            "Promotion": 6,
            "PromotionCostList": [],
            "WorldLevelRequire": 5,
            "MaxLevel": 80,
            "BaseHP": 587.5200000004843,
            "BaseHPAdd": 8.640000000596046,
            "BaseAttack": 269.28000000026077,
            "BaseAttackAdd": 3.9600000008940697,
            "BaseDefence": 153,