{
    "Name": "Akuoumaru",
    "Desc": "The beloved sword of the legendary \"Akuou.\" The blade is huge and majestic, but is surprisingly easy to wield.",
    "WeaponType": "WEAPON_CLAYMORE",
    "WeaponProp": [
        {
            "propType": "FIGHT_PROP_BASE_ATTACK",
            "initValue": 42.4010009765625,
            "type": "GROW_CURVE_ATTACK_201"
        },
        {
            "propType": "FIGHT_PROP_ATTACK_PERCENT",
            "initValue": 0.0900000035763,
            "type": "GROW_CURVE_CRITICAL_201"
        }
    ],
    "Rarity": 4,
    "Icon": "UI_EquipIcon_Claymore_Maria",
    "StatsModifier": {
        "ATK": {
            "Base": 42.4010009765625,
            "Levels": {
                "1": 1,
                "2": 1.0829999446869,
                "3": 1.164999961853,
                "4": 1.2480000257492,
                "5": 1.3300000429153,
                "6": 1.4129999876022,
                "7": 1.4950000047684,
                "8": 1.5779999494553,
                "9": 1.6610000133514,
                "10": 1.7430000305176,
                "11": 1.8259999752045,
                "12": 1.9079999923706,
                "13": 1.9910000562668,
                "14": 2.0729999542236,
                "15": 2.1559998989105,
                "16": 2.239000082016,
                "17": 2.3210000991821,
                "18": 2.404000043869,
                "19": 2.4860000610352,
                "20": 2.569000005722,
                "21": 2.6510000228882,
                "22": 2.7339999675751,
                "23": 2.816999912262,
                "24": 2.8989999294281,
                "25": 2.9820001125336,
                "26": 3.0639998912811,
                "27": 3.1470000743866,
                "28": 3.2290000915527,
                "29": 3.3120000362396,
                "30": 3.3940000534058,
                "31": 3.4769999980927,
                "32": 3.5599999427795,
                "33": 3.6419999599457,
                "34": 3.7249999046326,
                "35": 3.8069999217987,
                "36": 3.8900001049042,
                "37": 3.9719998836517,
                "38": 4.0549998283386,
                "39": 4.1380000114441,
                "40": 4.2199997901917,
                "41": 4.3029999732971,
                "42": 4.3850002288818,
                "43": 4.4679999351501,
                "44": 4.5500001907349,
                "45": 4.6329998970032,
                "46": 4.7160000801086,
                "47": 4.7979998588562,
                "48": 4.8810000419617,
                "49": 4.9629998207092,
                "50": 5.0460000038147,
                "51": 5.1279997825623,
                "52": 5.2109999656677,
                "53": 5.2940001487732,
                "54": 5.3759999275208,
                "55": 5.4590001106262,
                "56": 5.5409998893738,
                "57": 5.6240000724792,
                "58": 5.7059998512268,
                "59": 5.7890000343323,
                "60": 5.8720002174377,
                "61": 5.9539999961853,
                "62": 6.0370001792908,
                "63": 6.1189999580383,
                "64": 6.2020001411438,
                "65": 6.2839999198914,
                "66": 6.3670001029968,
                "67": 6.4499998092651,
                "68": 6.5320000648499,
                "69": 6.6149997711182,
                "70": 6.6970000267029,
                "71": 6.7800002098083,
                "72": 6.8619999885559,
                "73": 6.9450001716614,
                "74": 7.0279998779297,
                "75": 7.1100001335144,
                "76": 7.1929998397827,
                "77": 7.2750000953674,
                "78": 7.3579998016357,
                "79": 7.4400000572205,
                "80": 7.5229997634888,
                "81": 7.6059999465942,
                "82": 7.688000202179,
                "83": 7.7709999084473,
                "84": 7.853000164032,
                "85": 7.9359998703003,
                "86": 8.0179996490479,
                "87": 8.1009998321533,
                "88": 8.1829996109009,
                "89": 8.2659997940063,
                "90": 8.3489999771118,
                "91": 8.4309997558594,
                "92": 8.5139999389648,
                "93": 8.5959997177124,
                "94": 8.6789999008179,
                "95": 8.7609996795654,
                "96": 8.8439998626709,
                "97": 8.9270000457764,
                "98": 9.0089998245239,
                "99": 9.0920000076294,
                "100": 9.173999786377
            }
        },
        "FIGHT_PROP_ATTACK_PERCENT": {
            "Base": 0.0900000035763,
            "Levels": {
                "1": 1,
                "2": 1,
                "3": 1,
                "4": 1,
                "5": 1.1619999408722,
                "6": 1.1619999408722,
                "7": 1.1619999408722,
                "8": 1.1619999408722,
                "9": 1.1619999408722,
                "10": 1.3630000352859,
                "11": 1.3630000352859,
                "12": 1.3630000352859,
                "13": 1.3630000352859,
                "14": 1.3630000352859,
                "15": 1.5650000572205,
                "16": 1.5650000572205,
                "17": 1.5650000572205,
                "18": 1.5650000572205,
                "19": 1.5650000572205,
                "20": 1.7669999599457,
                "21": 1.7669999599457,
                "22": 1.7669999599457,
                "23": 1.7669999599457,
                "24": 1.7669999599457,
                "25": 1.9689999818802,
                "26": 1.9689999818802,
                "27": 1.9689999818802,
                "28": 1.9689999818802,
                "29": 1.9689999818802,
                "30": 2.1710000038147,
                "31": 2.1710000038147,
                "32": 2.1710000038147,
                "33": 2.1710000038147,
                "34": 2.1710000038147,
                "35": 2.3729999065399,
                "36": 2.3729999065399,
                "37": 2.3729999065399,
                "38": 2.3729999065399,
                "39": 2.3729999065399,
                "40": 2.5750000476837,
                "41": 2.5750000476837,
                "42": 2.5750000476837,
                "43": 2.5750000476837,
                "44": 2.5750000476837,
                "45": 2.7769999504089,
                "46": 2.7769999504089,
                "47": 2.7769999504089,
                "48": 2.7769999504089,
                "49": 2.7769999504089,
                "50": 2.9790000915527,
                "51": 2.9790000915527,
                "52": 2.9790000915527,
                "53": 2.9790000915527,
                "54": 2.9790000915527,
                "55": 3.180999994278,
                "56": 3.180999994278,
                "57": 3.180999994278,
                "58": 3.180999994278,
                "59": 3.180999994278,
                "60": 3.3829998970032,
                "61": 3.3829998970032,
                "62": 3.3829998970032,
                "63": 3.3829998970032,
                "64": 3.3829998970032,
                "65": 3.585000038147,
                "66": 3.585000038147,
                "67": 3.585000038147,
                "68": 3.585000038147,
                "69": 3.585000038147,
                "70": 3.7860000133514,
                "71": 3.7860000133514,
                "72": 3.7860000133514,
                "73": 3.7860000133514,
                "74": 3.7860000133514,
                "75": 3.9879999160767,
                "76": 3.9879999160767,
                "77": 3.9879999160767,
                "78": 3.9879999160767,
                "79": 3.9879999160767,
                "80": 4.1900000572205,
                "81": 4.1900000572205,
                "82": 4.1900000572205,
                "83": 4.1900000572205,
                "84": 4.1900000572205,
                "85": 4.3920001983643,
                "86": 4.3920001983643,