{
    "Name": "Primordial Jade Winged-Spear",
    "Desc": "A jade polearm made by the archons, capable of slaying ancient beasts.",
    "WeaponType": "WEAPON_POLE",
    "WeaponProp": [
        {
            "propType": "FIGHT_PROP_BASE_ATTACK",
            "initValue": 47.5369987487793,
            "type": "GROW_CURVE_ATTACK_302"
        },
        {
            "propType": "FIGHT_PROP_CRITICAL",
            "initValue": 0.0480000004172,
            "type": "GROW_CURVE_CRITICAL_301"
        }
    ],
    "Rarity": 5,
    "Icon": "UI_EquipIcon_Pole_Morax",
    "StatsModifier": {
        "ATK": {
            "Base": 47.5369987487793,
            "Levels": {
                "1": 1,
                "2": 1.0909999608994,
                "3": 1.1829999685287,
                "4": 1.2749999761581,
                "5": 1.3680000305176,
                "6": 1.4609999656677,
                "7": 1.5540000200272,
                "8": 1.6480000019073,
                "9": 1.7430000305176,
                "10": 1.8370000123978,
                "11": 1.9329999685287,
                "12": 2.0280001163483,
                "13": 2.1240000724792,
                "14": 2.2200000286102,
                "15": 2.316999912262,
                "16": 2.4140000343323,
                "17": 2.510999917984,
                "18": 2.6080000400543,
                "19": 2.7060000896454,
                "20": 2.8039999008179,
                "21": 2.9030001163483,
                "22": 3.0020000934601,
                "23": 3.1010000705719,
                "24": 3.2000000476837,
                "25": 3.2999999523163,
                "26": 3.4000000953674,
                "27": 3.5,
                "28": 3.6010000705719,
                "29": 3.7009999752045,
                "30": 3.8029999732971,
                "31": 3.904000043869,
                "32": 4.0050001144409,
                "33": 4.106999874115,
                "34": 4.2090001106262,
                "35": 4.311999797821,
                "36": 4.4140000343323,
                "37": 4.5170001983643,
                "38": 4.6199998855591,
                "39": 4.7230000495911,
                "40": 4.8270001411438,
                "41": 4.9310002326965,
                "42": 5.0349998474121,
                "43": 5.1389999389648,
                "44": 5.2430000305176,
                "45": 5.3480000495911,
                "46": 5.4530000686646,
                "47": 5.558000087738,
                "48": 5.6630001068115,
                "49": 5.768000125885,
                "50": 5.8740000724792,
                "51": 5.9800000190735,
                "52": 6.0859999656677,
                "53": 6.191999912262,
                "54": 6.298999786377,
                "55": 6.4060001373291,
                "56": 6.5130000114441,
                "57": 6.6199998855591,
                "58": 6.7270002365112,
                "59": 6.835000038147,
                "60": 6.941999912262,
                "61": 7.0500001907349,
                "62": 7.1579999923706,
                "63": 7.2670001983643,
                "64": 7.375,
                "65": 7.4840002059937,
                "66": 7.5920000076294,
                "67": 7.701000213623,
                "68": 7.8109998703003,
                "69": 7.9200000762939,
                "70": 8.0299997329712,
                "71": 8.1389999389648,
                "72": 8.2489995956421,
                "73": 8.3590002059937,
                "74": 8.4700002670288,
                "75": 8.5799999237061,
                "76": 8.6909999847412,
                "77": 8.8020000457764,
                "78": 8.9130001068115,
                "79": 9.0240001678467,
                "80": 9.1350002288818,
                "81": 9.2469997406006,
                "82": 9.3579998016357,
                "83": 9.4700002670288,
                "84": 9.5819997787476,
                "85": 9.6940002441406,
                "86": 9.8070001602173,
                "87": 9.918999671936,
                "88": 10.0319995880127,
                "89": 10.1450004577637,
                "90": 10.2580003738403,
                "91": 10.371000289917,
                "92": 10.4849996566772,
                "93": 10.5979995727539,
                "94": 10.7119998931885,
                "95": 10.826000213623,
                "96": 10.9399995803833,
                "97": 11.0539999008179,
                "98": 11.1680002212524,
                "99": 11.2829999923706,
                "100": 11.3970003128052
            }
        },
        "FIGHT_PROP_CRITICAL": {
            "Base": 0.0480000004172,
            "Levels": {
                "1": 1,
                "2": 1,
                "3": 1,
                "4": 1,
                "5": 1.1619999408722,
                "6": 1.1619999408722,
                "7": 1.1619999408722,
                "8": 1.1619999408722,
                "9": 1.1619999408722,
                "10": 1.3630000352859,
                "11": 1.3630000352859,
                "12": 1.3630000352859,
                "13": 1.3630000352859,
                "14": 1.3630000352859,
                "15": 1.5650000572205,
                "16": 1.5650000572205,
                "17": 1.5650000572205,
                "18": 1.5650000572205,
                "19": 1.5650000572205,
                "20": 1.7669999599457,
                "21": 1.7669999599457,
                "22": 1.7669999599457,
                "23": 1.7669999599457,
                "24": 1.7669999599457,
                "25": 1.9689999818802,
                "26": 1.9689999818802,
                "27": 1.9689999818802,
                "28": 1.9689999818802,
                "29": 1.9689999818802,
                "30": 2.1710000038147,
                "31": 2.1710000038147,
                "32": 2.1710000038147,
                "33": 2.1710000038147,
                "34": 2.1710000038147,
                "35": 2.3729999065399,
                "36": 2.3729999065399,
                "37": 2.3729999065399,
                "38": 2.3729999065399,
                "39": 2.3729999065399,
                "40": 2.5750000476837,
                "41": 2.5750000476837,
                "42": 2.5750000476837,
                "43": 2.5750000476837,
                "44": 2.5750000476837,
                "45": 2.7769999504089,
                "46": 2.7769999504089,
                "47": 2.7769999504089,
                "48": 2.7769999504089,
                "49": 2.7769999504089,
                "50": 2.9790000915527,
                "51": 2.9790000915527,
                "52": 2.9790000915527,
                "53": 2.9790000915527,
                "54": 2.9790000915527,
                "55": 3.180999994278,
                "56": 3.180999994278,
                "57": 3.180999994278,
                "58": 3.180999994278,
                "59": 3.180999994278,
                "60": 3.3829998970032,
                "61": 3.3829998970032,
                "62": 3.3829998970032,
                "63": 3.3829998970032,
                "64": 3.3829998970032,
                "65": 3.585000038147,
                "66": 3.585000038147,
                "67": 3.585000038147,
                "68": 3.585000038147,
                "69": 3.585000038147,
                "70": 3.7860000133514,
                "71": 3.7860000133514,
                "72": 3.7860000133514,
                "73": 3.7860000133514,
                "74": 3.7860000133514,
                "75": 3.9879999160767,
                "76": 3.9879999160767,
                "77": 3.9879999160767,
                "78": 3.9879999160767,
                "79": 3.9879999160767,
                "80": 4.1900000572205,
                "81": 4.1900000572205,
                "82": 4.1900000572205,
                "83": 4.1900000572205,
                "84": 4.1900000572205,
                "85": 4.3920001983643,
                "86": 4.3920001983643,
                "87": 4.3920001983643,
                "88": 4.3920001983643,