{
    "Name": "天目影打",
    "Desc": "神速で名を馳せる天狗をも斬り墜とすという伝説を持つ、名士が発注した刀。",
    "WeaponType": "WEAPON_SWORD_ONE_HAND",
    "WeaponProp": [
        {
            "propType": "FIGHT_PROP_BASE_ATTACK",
            "initValue": 41.0671005249023,
            "type": "GROW_CURVE_ATTACK_204"
        },
        {
            "propType": "FIGHT_PROP_ATTACK_PERCENT",
            "initValue": 0.1199999973178,
            "type": "GROW_CURVE_CRITICAL_201"
        }
    ],
    "Rarity": 4,
    "Icon": "UI_EquipIcon_Sword_Bakufu",
    "StatsModifier": {
        "ATK": {
            "Base": 41.0671005249023,
            "Levels": {
                "1": 1,
                "2": 1.0770000219345,
                "3": 1.154000043869,
                "4": 1.2300000190735,
                "5": 1.305999994278,
                "6": 1.3819999694824,
                "7": 1.4570000171661,
                "8": 1.5329999923706,
                "9": 1.6069999933243,
                "10": 1.682000041008,
                "11": 1.7569999694824,
                "12": 1.8309999704361,
                "13": 1.9049999713898,
                "14": 1.9789999723434,
                "15": 2.0520000457764,
                "16": 2.1259999275208,
                "17": 2.1989998817444,
                "18": 2.2720000743866,
                "19": 2.3450000286102,
                "20": 2.4170000553131,
                "21": 2.4900000095367,
                "22": 2.5620000362396,
                "23": 2.6340000629425,
                "24": 2.7070000171661,
                "25": 2.7780001163483,
                "26": 2.8499999046326,
                "27": 2.9219999313354,
                "28": 2.9930000305176,
                "29": 3.0650000572205,
                "30": 3.135999917984,
                "31": 3.2070000171661,
                "32": 3.2780001163483,
                "33": 3.3489999771118,
                "34": 3.4200000762939,
                "35": 3.4900000095367,
                "36": 3.5610001087189,
                "37": 3.6319999694824,
                "38": 3.7019999027252,
                "39": 3.7720000743866,
                "40": 3.8420000076294,
                "41": 3.9130001068115,
                "42": 3.9830000400543,
                "43": 4.0529999732971,
                "44": 4.1220002174377,
                "45": 4.191999912262,
                "46": 4.2620000839233,
                "47": 4.3319997787476,
                "48": 4.4010000228882,
                "49": 4.4710001945496,
                "50": 4.539999961853,
                "51": 4.6090002059937,
                "52": 4.6789999008179,
                "53": 4.7480001449585,
                "54": 4.816999912262,
                "55": 4.8860001564026,
                "56": 4.9549999237061,
                "57": 5.0240001678467,
                "58": 5.0929999351501,
                "59": 5.1620001792908,
                "60": 5.2309999465942,
                "61": 5.3000001907349,
                "62": 5.3680000305176,
                "63": 5.436999797821,
                "64": 5.5060000419617,
                "65": 5.5739998817444,
                "66": 5.643000125885,
                "67": 5.7109999656677,
                "68": 5.7800002098083,
                "69": 5.8480000495911,
                "70": 5.9159998893738,
                "71": 5.9850001335144,
                "72": 6.0529999732971,
                "73": 6.1209998130798,
                "74": 6.1890001296997,
                "75": 6.2569999694824,
                "76": 6.326000213623,
                "77": 6.3940000534058,
                "78": 6.4619998931885,
                "79": 6.5300002098083,
                "80": 6.5980000495911,
                "81": 6.664999961853,
                "82": 6.7329998016357,
                "83": 6.8010001182556,
                "84": 6.8689999580383,
                "85": 6.936999797821,
                "86": 7.0050001144409,
                "87": 7.0720000267029,
                "88": 7.1399998664856,
                "89": 7.2080001831055,
                "90": 7.2750000953674,
                "91": 7.3429999351501,
                "92": 7.4109997749329,
                "93": 7.478000164032,
                "94": 7.5460000038147,
                "95": 7.6129999160767,
                "96": 7.6810002326965,
                "97": 7.7480001449585,
                "98": 7.8159999847412,
                "99": 7.8829998970032,
                "100": 7.9499998092651
            }
        },
        "FIGHT_PROP_ATTACK_PERCENT": {
            "Base": 0.1199999973178,
            "Levels": {
                "1": 1,
                "2": 1,
                "3": 1,
                "4": 1,
                "5": 1.1619999408722,
                "6": 1.1619999408722,
                "7": 1.1619999408722,
                "8": 1.1619999408722,
                "9": 1.1619999408722,
                "10": 1.3630000352859,
                "11": 1.3630000352859,
                "12": 1.3630000352859,
                "13": 1.3630000352859,
                "14": 1.3630000352859,
                "15": 1.5650000572205,
                "16": 1.5650000572205,
                "17": 1.5650000572205,
                "18": 1.5650000572205,
                "19": 1.5650000572205,
                "20": 1.7669999599457,
                "21": 1.7669999599457,
                "22": 1.7669999599457,
                "23": 1.7669999599457,
                "24": 1.7669999599457,
                "25": 1.9689999818802,
                "26": 1.9689999818802,
                "27": 1.9689999818802,
                "28": 1.9689999818802,
                "29": 1.9689999818802,
                "30": 2.1710000038147,
                "31": 2.1710000038147,
                "32": 2.1710000038147,
                "33": 2.1710000038147,
                "34": 2.1710000038147,
                "35": 2.3729999065399,
                "36": 2.3729999065399,
                "37": 2.3729999065399,
                "38": 2.3729999065399,
                "39": 2.3729999065399,
                "40": 2.5750000476837,
                "41": 2.5750000476837,
                "42": 2.5750000476837,
                "43": 2.5750000476837,
                "44": 2.5750000476837,
                "45": 2.7769999504089,
                "46": 2.7769999504089,
                "47": 2.7769999504089,
                "48": 2.7769999504089,
                "49": 2.7769999504089,
                "50": 2.9790000915527,
                "51": 2.9790000915527,
                "52": 2.9790000915527,
                "53": 2.9790000915527,
                "54": 2.9790000915527,
                "55": 3.180999994278,
                "56": 3.180999994278,
                "57": 3.180999994278,
                "58": 3.180999994278,
                "59": 3.180999994278,
                "60": 3.3829998970032,
                "61": 3.3829998970032,
                "62": 3.3829998970032,
                "63": 3.3829998970032,
                "64": 3.3829998970032,
                "65": 3.585000038147,
                "66": 3.585000038147,
                "67": 3.585000038147,
                "68": 3.585000038147,
                "69": 3.585000038147,
                "70": 3.7860000133514,
                "71": 3.7860000133514,
                "72": 3.7860000133514,
                "73": 3.7860000133514,
                "74": 3.7860000133514,
                "75": 3.9879999160767,
                "76": 3.9879999160767,
                "77": 3.9879999160767,
                "78": 3.9879999160767,
                "79": 3.9879999160767,
                "80": 4.1900000572205,
                "81": 4.1900000572205,
                "82": 4.1900000572205,
                "83": 4.1900000572205,
                "84": 4.1900000572205,
                "85": 4.3920001983643,
                "86": 4.3920001983643,
                "87": 4.3920001983643,
                "88": 4.3920001983643,