{
    "Name": "葦海の標",
    "Desc": "古い形をした四角い剣。かつては王器、または儀式用の武器として使われていたようだ。",
    "WeaponType": "WEAPON_CLAYMORE",
    "WeaponProp": [
        {
            "propType": "FIGHT_PROP_BASE_ATTACK",
            "initValue": 45.9364013671875,
            "type": "GROW_CURVE_ATTACK_301"
        },
        {
            "propType": "FIGHT_PROP_CRITICAL",
            "initValue": 0.0719999969006,
            "type": "GROW_CURVE_CRITICAL_301"
        }
    ],
    "Rarity": 5,
    "Icon": "UI_EquipIcon_Claymore_Deshret",
    "StatsModifier": {
        "ATK": {
            "Base": 45.9364013671875,
            "Levels": {
                "1": 1,
                "2": 1.0859999656677,
                "3": 1.1710000038147,
                "4": 1.2569999694824,
                "5": 1.3430000543594,
                "6": 1.4290000200272,
                "7": 1.5160000324249,
                "8": 1.6019999980927,
                "9": 1.6890000104904,
                "10": 1.7749999761581,
                "11": 1.8619999885559,
                "12": 1.9490000009537,
                "13": 2.0360000133514,
                "14": 2.1240000724792,
                "15": 2.2109999656677,
                "16": 2.2990000247955,
                "17": 2.385999917984,
                "18": 2.4739999771118,
                "19": 2.5620000362396,
                "20": 2.6500000953674,
                "21": 2.7379999160767,
                "22": 2.8269999027252,
                "23": 2.914999961853,
                "24": 3.0039999485016,
                "25": 3.0929999351501,
                "26": 3.1819999217987,
                "27": 3.2709999084473,
                "28": 3.3599998950958,
                "29": 3.4500000476837,
                "30": 3.5390000343323,
                "31": 3.6289999485016,
                "32": 3.7190001010895,
                "33": 3.8090000152588,
                "34": 3.8989999294281,
                "35": 3.989000082016,
                "36": 4.0799999237061,
                "37": 4.1700000762939,
                "38": 4.2610001564026,
                "39": 4.3520002365112,
                "40": 4.4429998397827,
                "41": 4.5339999198914,
                "42": 4.625,
                "43": 4.7170000076294,
                "44": 4.808000087738,
                "45": 4.9000000953674,
                "46": 4.9920001029968,
                "47": 5.0840001106262,
                "48": 5.1760001182556,
                "49": 5.268000125885,
                "50": 5.3600001335144,
                "51": 5.4530000686646,
                "52": 5.5460000038147,
                "53": 5.6380000114441,
                "54": 5.7309999465942,
                "55": 5.8249998092651,
                "56": 5.9180002212524,
                "57": 6.0110001564026,
                "58": 6.1050000190735,
                "59": 6.1979999542236,
                "60": 6.2919998168945,
                "61": 6.3860001564026,
                "62": 6.4800000190735,
                "63": 6.5749998092651,
                "64": 6.6690001487732,
                "65": 6.7630000114441,
                "66": 6.8579998016357,
                "67": 6.9530000686646,
                "68": 7.0479998588562,
                "69": 7.143000125885,
                "70": 7.2379999160767,
                "71": 7.3340001106262,
                "72": 7.4289999008179,
                "73": 7.5250000953674,
                "74": 7.6209998130798,
                "75": 7.7170000076294,
                "76": 7.813000202179,
                "77": 7.9089999198914,
                "78": 8.0050001144409,
                "79": 8.1020002365112,
                "80": 8.1990003585815,
                "81": 8.2950000762939,
                "82": 8.3920001983643,
                "83": 8.4890003204346,
                "84": 8.5869998931885,
                "85": 8.6840000152588,
                "86": 8.7819995880127,
                "87": 8.878999710083,
                "88": 8.9770002365112,
                "89": 9.0749998092651,
                "90": 9.1730003356934,
                "91": 9.2709999084473,
                "92": 9.3699998855591,
                "93": 9.4680004119873,
                "94": 9.5670003890991,
                "95": 9.6660003662109,
                "96": 9.7650003433228,
                "97": 9.8640003204346,
                "98": 9.9630002975464,
                "99": 10.0620002746582,
                "100": 10.1619997024536
            }
        },
        "FIGHT_PROP_CRITICAL": {
            "Base": 0.0719999969006,
            "Levels": {
                "1": 1,
                "2": 1,
                "3": 1,
                "4": 1,
                "5": 1.1619999408722,
                "6": 1.1619999408722,
                "7": 1.1619999408722,
                "8": 1.1619999408722,
                "9": 1.1619999408722,
                "10": 1.3630000352859,
                "11": 1.3630000352859,
                "12": 1.3630000352859,
                "13": 1.3630000352859,
                "14": 1.3630000352859,
                "15": 1.5650000572205,
                "16": 1.5650000572205,
                "17": 1.5650000572205,
                "18": 1.5650000572205,
                "19": 1.5650000572205,
                "20": 1.7669999599457,
                "21": 1.7669999599457,
                "22": 1.7669999599457,
                "23": 1.7669999599457,
                "24": 1.7669999599457,
                "25": 1.9689999818802,
                "26": 1.9689999818802,
                "27": 1.9689999818802,
                "28": 1.9689999818802,
                "29": 1.9689999818802,
                "30": 2.1710000038147,
                "31": 2.1710000038147,
                "32": 2.1710000038147,
                "33": 2.1710000038147,
                "34": 2.1710000038147,
                "35": 2.3729999065399,
                "36": 2.3729999065399,
                "37": 2.3729999065399,
                "38": 2.3729999065399,
                "39": 2.3729999065399,
                "40": 2.5750000476837,
                "41": 2.5750000476837,
                "42": 2.5750000476837,
                "43": 2.5750000476837,
                "44": 2.5750000476837,
                "45": 2.7769999504089,
                "46": 2.7769999504089,
                "47": 2.7769999504089,
                "48": 2.7769999504089,
                "49": 2.7769999504089,
                "50": 2.9790000915527,
                "51": 2.9790000915527,
                "52": 2.9790000915527,
                "53": 2.9790000915527,
                "54": 2.9790000915527,
                "55": 3.180999994278,
                "56": 3.180999994278,
                "57": 3.180999994278,
                "58": 3.180999994278,
                "59": 3.180999994278,
                "60": 3.3829998970032,
                "61": 3.3829998970032,
                "62": 3.3829998970032,
                "63": 3.3829998970032,
                "64": 3.3829998970032,
                "65": 3.585000038147,
                "66": 3.585000038147,
                "67": 3.585000038147,
                "68": 3.585000038147,
                "69": 3.585000038147,
                "70": 3.7860000133514,
                "71": 3.7860000133514,
                "72": 3.7860000133514,
                "73": 3.7860000133514,
                "74": 3.7860000133514,
                "75": 3.9879999160767,
                "76": 3.9879999160767,
                "77": 3.9879999160767,
                "78": 3.9879999160767,
                "79": 3.9879999160767,
                "80": 4.1900000572205,
                "81": 4.1900000572205,
                "82": 4.1900000572205,
                "83": 4.1900000572205,
                "84": 4.1900000572205,
                "85": 4.3920001983643,
                "86": 4.3920001983643,
                "87": 4.3920001983643,
                "88": 4.3920001983643,
                "89": 4.3920001983643,