{
    "Name": "久遠流転の大典",
    "Desc": "かつて、水中の隠修会に代々伝わっていた教諭書。今やその存在を存じる者は誰もいない。",
    "WeaponType": "WEAPON_CATALYST",
    "WeaponProp": [
        {
            "propType": "FIGHT_PROP_BASE_ATTACK",
            "initValue": 44.3358001708984,
            "type": "GROW_CURVE_ATTACK_304"
        },
        {
            "propType": "FIGHT_PROP_CRITICAL_HURT",
            "initValue": 0.1920000016689,
            "type": "GROW_CURVE_CRITICAL_301"
        }
    ],
    "Rarity": 5,
    "Icon": "UI_EquipIcon_Catalyst_Iudex",
    "StatsModifier": {
        "ATK": {
            "Base": 44.3358001708984,
            "Levels": {
                "1": 1,
                "2": 1.0789999961853,
                "3": 1.1590000391006,
                "4": 1.2380000352859,
                "5": 1.3170000314713,
                "6": 1.3949999809265,
                "7": 1.4739999771118,
                "8": 1.5520000457764,
                "9": 1.6310000419617,
                "10": 1.7089999914169,
                "11": 1.7869999408722,
                "12": 1.8650000095367,
                "13": 1.9420000314713,
                "14": 2.0199999809265,
                "15": 2.0980000495911,
                "16": 2.1749999523163,
                "17": 2.2530000209808,
                "18": 2.3299999237061,
                "19": 2.4079999923706,
                "20": 2.4849998950958,
                "21": 2.5620000362396,
                "22": 2.6389999389648,
                "23": 2.7170000076294,
                "24": 2.7939999103546,
                "25": 2.8710000514984,
                "26": 2.9479999542236,
                "27": 3.0260000228882,
                "28": 3.1029999256134,
                "29": 3.1800000667572,
                "30": 3.2569999694824,
                "31": 3.3340001106262,
                "32": 3.4119999408722,
                "33": 3.489000082016,
                "34": 3.5659999847412,
                "35": 3.6440000534058,
                "36": 3.720999956131,
                "37": 3.7980000972748,
                "38": 3.8759999275208,
                "39": 3.9530000686646,
                "40": 4.0310001373291,
                "41": 4.1090002059937,
                "42": 4.1859998703003,
                "43": 4.2639999389648,
                "44": 4.3420000076294,
                "45": 4.4190001487732,
                "46": 4.4970002174377,
                "47": 4.5749998092651,
                "48": 4.6529998779297,
                "49": 4.7309999465942,
                "50": 4.8099999427795,
                "51": 4.8880000114441,
                "52": 4.9660000801086,
                "53": 5.0440001487732,
                "54": 5.1230001449585,
                "55": 5.201000213623,
                "56": 5.2800002098083,
                "57": 5.3590002059937,
                "58": 5.436999797821,
                "59": 5.5159997940063,
                "60": 5.5949997901917,
                "61": 5.673999786377,
                "62": 5.7529997825623,
                "63": 5.8330001831055,
                "64": 5.9120001792908,
                "65": 5.9910001754761,
                "66": 6.0710000991821,
                "67": 6.1500000953674,
                "68": 6.2300000190735,
                "69": 6.3099999427795,
                "70": 6.3899998664856,
                "71": 6.4699997901917,
                "72": 6.5500001907349,
                "73": 6.6300001144409,
                "74": 6.710000038147,
                "75": 6.7909998893738,
                "76": 6.8709998130798,
                "77": 6.9520001411438,
                "78": 7.0329999923706,
                "79": 7.1129999160767,
                "80": 7.1939997673035,
                "81": 7.2750000953674,
                "82": 7.356999874115,
                "83": 7.438000202179,
                "84": 7.5190000534058,
                "85": 7.6009998321533,
                "86": 7.6820001602173,
                "87": 7.7639999389648,
                "88": 7.8460001945496,
                "89": 7.9279999732971,
                "90": 8.0100002288818,
                "91": 8.0920000076294,
                "92": 8.173999786377,
                "93": 8.2569999694824,
                "94": 8.33899974823,
                "95": 8.4219999313354,
                "96": 8.5050001144409,
                "97": 8.5880002975464,
                "98": 8.6709995269775,
                "99": 8.753999710083,
                "100": 8.8369998931885
            }
        },
        "FIGHT_PROP_CRITICAL_HURT": {
            "Base": 0.1920000016689,
            "Levels": {
                "1": 1,
                "2": 1,
                "3": 1,
                "4": 1,
                "5": 1.1619999408722,
                "6": 1.1619999408722,
                "7": 1.1619999408722,
                "8": 1.1619999408722,
                "9": 1.1619999408722,
                "10": 1.3630000352859,
                "11": 1.3630000352859,
                "12": 1.3630000352859,
                "13": 1.3630000352859,
                "14": 1.3630000352859,
                "15": 1.5650000572205,
                "16": 1.5650000572205,
                "17": 1.5650000572205,
                "18": 1.5650000572205,
                "19": 1.5650000572205,
                "20": 1.7669999599457,
                "21": 1.7669999599457,
                "22": 1.7669999599457,
                "23": 1.7669999599457,
                "24": 1.7669999599457,
                "25": 1.9689999818802,
                "26": 1.9689999818802,
                "27": 1.9689999818802,
                "28": 1.9689999818802,
                "29": 1.9689999818802,
                "30": 2.1710000038147,
                "31": 2.1710000038147,
                "32": 2.1710000038147,
                "33": 2.1710000038147,
                "34": 2.1710000038147,
                "35": 2.3729999065399,
                "36": 2.3729999065399,
                "37": 2.3729999065399,
                "38": 2.3729999065399,
                "39": 2.3729999065399,
                "40": 2.5750000476837,
                "41": 2.5750000476837,
                "42": 2.5750000476837,
                "43": 2.5750000476837,
                "44": 2.5750000476837,
                "45": 2.7769999504089,
                "46": 2.7769999504089,
                "47": 2.7769999504089,
                "48": 2.7769999504089,
                "49": 2.7769999504089,
                "50": 2.9790000915527,
                "51": 2.9790000915527,
                "52": 2.9790000915527,
                "53": 2.9790000915527,
                "54": 2.9790000915527,
                "55": 3.180999994278,
                "56": 3.180999994278,
                "57": 3.180999994278,
                "58": 3.180999994278,
                "59": 3.180999994278,
                "60": 3.3829998970032,
                "61": 3.3829998970032,
                "62": 3.3829998970032,
                "63": 3.3829998970032,
                "64": 3.3829998970032,
                "65": 3.585000038147,
                "66": 3.585000038147,
                "67": 3.585000038147,
                "68": 3.585000038147,
                "69": 3.585000038147,
                "70": 3.7860000133514,
                "71": 3.7860000133514,
                "72": 3.7860000133514,
                "73": 3.7860000133514,
                "74": 3.7860000133514,
                "75": 3.9879999160767,
                "76": 3.9879999160767,
                "77": 3.9879999160767,
                "78": 3.9879999160767,
                "79": 3.9879999160767,
                "80": 4.1900000572205,
                "81": 4.1900000572205,
                "82": 4.1900000572205,
                "83": 4.1900000572205,
                "84": 4.1900000572205,
                "85": 4.3920001983643,
                "86": 4.3920001983643,
                "87": 4.3920001983643,
                "88": 4.3920001983643,