{
    "Name": "鴉羽の弓",
    "Desc": "鴉は死の使者だと言われている。鴉の羽の弓は獲物に終末を告げる。",
    "WeaponType": "WEAPON_BOW",
    "WeaponProp": [
        {
            "propType": "FIGHT_PROP_BASE_ATTACK",
            "initValue": 39.8750991821289,
            "type": "GROW_CURVE_ATTACK_102"
        },
        {
            "propType": "FIGHT_PROP_ELEMENT_MASTERY",
            "initValue": 20.3999996185303,
            "type": "GROW_CURVE_CRITICAL_101"
        }
    ],
    "Rarity": 3,
    "Icon": "UI_EquipIcon_Bow_Crowfeather",
    "StatsModifier": {
        "ATK": {
            "Base": 39.8750991821289,
            "Levels": {
                "1": 1,
                "2": 1.0809999704361,
                "3": 1.1619999408722,
                "4": 1.2439999580383,
                "5": 1.3250000476837,
                "6": 1.4069999456406,
                "7": 1.4889999628067,
                "8": 1.5700000524521,
                "9": 1.6519999504089,
                "10": 1.7339999675751,
                "11": 1.8159999847412,
                "12": 1.8980000019073,
                "13": 1.9809999465942,
                "14": 2.0629999637604,
                "15": 2.1449999809265,
                "16": 2.2269999980927,
                "17": 2.3099999427795,
                "18": 2.3919999599457,
                "19": 2.4739999771118,
                "20": 2.5569999217987,
                "21": 2.6389999389648,
                "22": 2.7219998836517,
                "23": 2.8039999008179,
                "24": 2.8870000839233,
                "25": 2.9690001010895,
                "26": 3.0520000457764,
                "27": 3.1340000629425,
                "28": 3.2170000076294,
                "29": 3.2990000247955,
                "30": 3.3819999694824,
                "31": 3.4639999866486,
                "32": 3.5469999313354,
                "33": 3.6289999485016,
                "34": 3.7119998931885,
                "35": 3.7939999103546,
                "36": 3.8770000934601,
                "37": 3.9590001106262,
                "38": 4.0419998168945,
                "39": 4.1240000724792,
                "40": 4.2059998512268,
                "41": 4.2890000343323,
                "42": 4.3709998130798,
                "43": 4.4539999961853,
                "44": 4.5359997749329,
                "45": 4.6180000305176,
                "46": 4.701000213623,
                "47": 4.7829999923706,
                "48": 4.8649997711182,
                "49": 4.9479999542236,
                "50": 5.0300002098083,
                "51": 5.1119999885559,
                "52": 5.1939997673035,
                "53": 5.2769999504089,
                "54": 5.3590002059937,
                "55": 5.4409999847412,
                "56": 5.5229997634888,
                "57": 5.6050000190735,
                "58": 5.688000202179,
                "59": 5.7699999809265,
                "60": 5.8520002365112,
                "61": 5.9340000152588,
                "62": 6.0159997940063,
                "63": 6.0980000495911,
                "64": 6.1799998283386,
                "65": 6.2620000839233,
                "66": 6.3439998626709,
                "67": 6.4270000457764,
                "68": 6.5089998245239,
                "69": 6.5910000801086,
                "70": 6.6729998588562,
                "71": 6.7550001144409,
                "72": 6.8369998931885,
                "73": 6.9190001487732,
                "74": 7.0009999275208,
                "75": 7.0830001831055,
                "76": 7.164999961853,
                "77": 7.2470002174377,
                "78": 7.3289999961853,
                "79": 7.4109997749329,
                "80": 7.4930000305176,
                "81": 7.5749998092651,
                "82": 7.6570000648499,
                "83": 7.7389998435974,
                "84": 7.8210000991821,
                "85": 7.9039998054504,
                "86": 7.9860000610352,
                "87": 8.0679998397827,
                "88": 8.1499996185303,
                "89": 8.2320003509521,
                "90": 8.3140001296997,
                "91": 8.3959999084473,
                "92": 8.4779996871948,
                "93": 8.5609998703003,
                "94": 8.6429996490479,
                "95": 8.7250003814697,
                "96": 8.8070001602173,
                "97": 8.8900003433228,
                "98": 8.9720001220703,
                "99": 9.0539999008179,
                "100": 9.1370000839233
            }
        },
        "FIGHT_PROP_ELEMENT_MASTERY": {
            "Base": 20.3999996185303,
            "Levels": {
                "1": 1,
                "2": 1,
                "3": 1,
                "4": 1,
                "5": 1.1619999408722,
                "6": 1.1619999408722,
                "7": 1.1619999408722,
                "8": 1.1619999408722,
                "9": 1.1619999408722,
                "10": 1.3630000352859,
                "11": 1.3630000352859,
                "12": 1.3630000352859,
                "13": 1.3630000352859,
                "14": 1.3630000352859,
                "15": 1.5650000572205,
                "16": 1.5650000572205,
                "17": 1.5650000572205,
                "18": 1.5650000572205,
                "19": 1.5650000572205,
                "20": 1.7669999599457,
                "21": 1.7669999599457,
                "22": 1.7669999599457,
                "23": 1.7669999599457,
                "24": 1.7669999599457,
                "25": 1.9689999818802,
                "26": 1.9689999818802,
                "27": 1.9689999818802,
                "28": 1.9689999818802,
                "29": 1.9689999818802,
                "30": 2.1710000038147,
                "31": 2.1710000038147,
                "32": 2.1710000038147,
                "33": 2.1710000038147,
                "34": 2.1710000038147,
                "35": 2.3729999065399,
                "36": 2.3729999065399,
                "37": 2.3729999065399,
                "38": 2.3729999065399,
                "39": 2.3729999065399,
                "40": 2.5750000476837,
                "41": 2.5750000476837,
                "42": 2.5750000476837,
                "43": 2.5750000476837,
                "44": 2.5750000476837,
                "45": 2.7769999504089,
                "46": 2.7769999504089,
                "47": 2.7769999504089,
                "48": 2.7769999504089,
                "49": 2.7769999504089,
                "50": 2.9790000915527,
                "51": 2.9790000915527,
                "52": 2.9790000915527,
                "53": 2.9790000915527,
                "54": 2.9790000915527,
                "55": 3.180999994278,
                "56": 3.180999994278,
                "57": 3.180999994278,
                "58": 3.180999994278,
                "59": 3.180999994278,
                "60": 3.3829998970032,
                "61": 3.3829998970032,
                "62": 3.3829998970032,
                "63": 3.3829998970032,
                "64": 3.3829998970032,
                "65": 3.585000038147,
                "66": 3.585000038147,
                "67": 3.585000038147,
                "68": 3.585000038147,
                "69": 3.585000038147,
                "70": 3.7860000133514,
                "71": 3.7860000133514,
                "72": 3.7860000133514,
                "73": 3.7860000133514,
                "74": 3.7860000133514,
                "75": 3.9879999160767,
                "76": 3.9879999160767,
                "77": 3.9879999160767,
                "78": 3.9879999160767,
                "79": 3.9879999160767,
                "80": 4.1900000572205,
                "81": 4.1900000572205,
                "82": 4.1900000572205,
                "83": 4.1900000572205,
                "84": 4.1900000572205,
                "85": 4.3920001983643,
                "86": 4.3920001983643,
                "87": 4.3920001983643,
                "88": 4.3920001983643,